Rk,Date,Comp,Round,Venue,Squad,Opponent,Start,xG,PSxG,Body Part,Distance,Minute,Score,Goalkeeper,Assist,GCA1,Type,GCA2,Type,Notes
1,2022-12-18,World Cup,Final,Neutral,Argentina,France,Y*,0.86,0.92,Right Foot,4,108,2-2,Hugo Lloris,,Lautaro Martínez,Shot,,,Volley
2,2022-12-18,World Cup,Final,Neutral,Argentina,France,Y*,0.79,0.99,Left Foot,13,23,0-0,Hugo Lloris,,Ángel Di María,Fouled,Ángel Di María,Dribble,
3,2022-12-13,World Cup,Semi-finals,Neutral,Argentina,Croatia,Y*,0.79,0.98,Left Foot,13,34,0-0,Dominik Livaković,,Julián Álvarez,Fouled,Enzo Fernández,Pass (Live),
4,2022-12-09,World Cup,Quarter-finals,Neutral,Argentina,Netherlands,Y*,0.79,0.99,Left Foot,13,73,1-0,Andries Noppert,,Marcos Acuña,Fouled,Cristian Romero,Pass (Dead),
5,2022-12-03,World Cup,Round of 16,Neutral,Argentina,Australia,Y*,0.04,0.29,Left Foot,17,35,0-0,Mathew Ryan,Nicolás Otamendi,Alexis Mac Allister,Pass (Live),Lionel Messi,Pass (Live),
6,2022-11-26,World Cup,Group stage,Neutral,Argentina,Mexico,Y*,0.02,0.47,Left Foot,28,64,0-0,Guillermo Ochoa,Ángel Di María,Ángel Di María,Pass (Live),Enzo Fernández,Pass (Live),
7,2022-11-22,World Cup,Group stage,Neutral,Argentina,Saudi Arabia,Y*,0.79,0.99,Left Foot,13,10,0-0,Mohammed Al-Owais,,Leandro Paredes,Fouled,,,
8,2022-11-16,Friendlies (M),Friendlies (M),Neutral,Argentina,UAE,Y*,,,,,44,3-0,Khalid Eisa,Ángel Di María,,,,,
,,,,,,,,,,,,,,,,,,,,
9,2022-10-29,Ligue 1,Matchweek 13,Home,Paris S-G,Troyes,Y,0.04,0.21,Left Foot,30,55,1-2,Gauthier Gallon,Sergio Ramos,Sergio Ramos,Pass (Live),Carlos Soler,Pass (Live),
10,2022-10-25,Champions Lg,Group stage,Home,Paris S-G,Maccabi Haifa,Y,0.11,0.43,Left Foot,22,45,3-1,Josh Cohen,Kylian Mbappé,Kylian Mbappé,Pass (Live),Lionel Messi,Pass (Live),
11,2022-10-25,Champions Lg,Group stage,Home,Paris S-G,Maccabi Haifa,Y,0.14,0.33,Left Foot,12,19,0-0,Josh Cohen,Kylian Mbappé,Kylian Mbappé,Pass (Live),Fabián Ruiz Peña,Pass (Live),
12,2022-10-21,Ligue 1,Matchweek 12,Away,Paris S-G,Ajaccio,Y,0.98,0.93,Left Foot,5,78,1-0,Benjamin Leroy,Kylian Mbappé,Lionel Messi,Dribble,Kylian Mbappé,Pass (Live),
13,2022-10-05,Champions Lg,Group stage,Away,Paris S-G,Benfica,Y,0.12,0.49,Left Foot,20,22,0-0,Odisseas Vlachodimos,Neymar,Neymar,Pass (Live),Kylian Mbappé,Pass (Live),
14,2022-10-01,Ligue 1,Matchweek 9,Home,Paris S-G,Nice,Y,0.13,0.60,Left Foot,24,28,0-0,Kasper Schmeichel,,Lionel Messi,Fouled,Lionel Messi,Dribble,
,,,,,,,,,,,,,,,,,,,,
15,2022-09-27,Friendlies (M),Friendlies (M),Neutral,Argentina,Jamaica,N,,,,,89,2-0,Andre Blake,,,,,,
16,2022-09-27,Friendlies (M),Friendlies (M),Neutral,Argentina,Jamaica,N,,,,,86,1-0,Andre Blake,Giovani Lo Celso,,,,,
17,2022-09-23,Friendlies (M),Friendlies (M),Neutral,Argentina,Honduras,Y*,,,,,69,2-0,Luis López Fernández,,,,,,
18,2022-09-23,Friendlies (M),Friendlies (M),Neutral,Argentina,Honduras,Y*,,,,,45+2,1-0,Luis López Fernández,,,,,,
,,,,,,,,,,,,,,,,,,,,
19,2022-09-18,Ligue 1,Matchweek 8,Away,Paris S-G,Lyon,Y,0.12,0.26,Left Foot,17,5,0-0,Anthony Lopes,Neymar,Neymar,Pass (Live),Lionel Messi,Pass (Live),
20,2022-09-14,Champions Lg,Group stage,Away,Paris S-G,Maccabi Haifa,Y,0.45,0.85,Left Foot,6,37,0-1,Josh Cohen,,Lionel Messi,Pass (Live),Marco Verratti,Pass (Live),
21,2022-08-21,Ligue 1,Matchweek 3,Away,Paris S-G,Lille,Y,0.24,0.57,Right Foot,12,27,1-0,Léo Jardim,Nuno Mendes,Nuno Mendes,Pass (Live),Lionel Messi,Pass (Live),
22,2022-08-06,Ligue 1,Matchweek 1,Away,Paris S-G,Clermont Foot,Y,0.39,0.88,Left Foot,10,86,4-0,Mory Diaw,Leandro Paredes,Leandro Paredes,Pass (Live),Juan Bernat,Pass (Live),Volley
23,2022-08-06,Ligue 1,Matchweek 1,Away,Paris S-G,Clermont Foot,Y,0.46,0.96,Left Foot,10,80,3-0,Mory Diaw,Neymar,Neymar,Pass (Live),Lionel Messi,Pass (Live),
24,2022-07-31,Trophée des Champions,Trophée des Champions,Home,Paris S-G,Nantes,Y,,,,,22,,,,,,,,
,,,,,,,,,,,,,,,,,,,,
25,2022-06-05,Friendlies (M),Friendlies (M),Neutral,Argentina,Estonia,Y*,,,,,76,4-0,Matvei Igonen,,,,,,
26,2022-06-05,Friendlies (M),Friendlies (M),Neutral,Argentina,Estonia,Y*,,,,,71,3-0,Matvei Igonen,,,,,,
27,2022-06-05,Friendlies (M),Friendlies (M),Neutral,Argentina,Estonia,Y*,,,,,47,2-0,Matvei Igonen,Nahuel Molina,,,,,
28,2022-06-05,Friendlies (M),Friendlies (M),Neutral,Argentina,Estonia,Y*,,,,,45,1-0,Matvei Igonen,Papu Gómez,,,,,
29,2022-06-05,Friendlies (M),Friendlies (M),Neutral,Argentina,Estonia,Y*,,,,,8,0-0,Matvei Igonen,,,,,,
,,,,,,,,,,,,,,,,,,,,
30,2022-05-14,Ligue 1,Matchweek 37,Away,Paris S-G,Montpellier,Y,0.60,0.66,Left Foot,8,20,1-0,Dimitry Bertaud,Kylian Mbappé,Lionel Messi,Dribble,Kylian Mbappé,Pass (Live),
31,2022-05-14,Ligue 1,Matchweek 37,Away,Paris S-G,Montpellier,Y,0.14,0.24,Left Foot,15,6,0-0,Dimitry Bertaud,Kylian Mbappé,Kylian Mbappé,Pass (Live),Lionel Messi,Pass (Live),
32,2022-04-23,Ligue 1,Matchweek 34,Home,Paris S-G,Lens,Y,0.06,0.11,Left Foot,27,68,0-0,Jean-Louis Leca,Neymar,Neymar,Pass (Live),Kylian Mbappé,Pass (Live),
33,2022-04-03,Ligue 1,Matchweek 30,Home,Paris S-G,Lorient,Y,0.22,0.38,Left Foot,14,73,3-1,Matthieu Dreyer,Kylian Mbappé,Kylian Mbappé,Pass (Live),Kylian Mbappé,Dribble,
,,,,,,,,,,,,,,,,,,,,
34,2022-03-25,WCQ,WCQ — CONMEBOL (M),Home,Argentina,Venezuela,Y*,,,,,82,2-0,Wuilker Faríñez,Ángel Di María,,,,,
,,,,,,,,,,,,,,,,,,,,
35,2022-02-06,Ligue 1,Matchweek 23,Away,Paris S-G,Lille,Y,0.57,0.91,Left Foot,13,38,2-1,Ivo Grbić,,Lionel Messi,Dribble,Nuno Mendes,Pass (Live),
36,2021-12-07,Champions Lg,Group stage,Home,Paris S-G,Club Brugge,Y,0.79,0.99,Left Foot,13,76,3-1,Simon Mignolet,,Lionel Messi,Fouled,Marco Verratti,Pass (Live),
37,2021-12-07,Champions Lg,Group stage,Home,Paris S-G,Club Brugge,Y,0.05,0.25,Left Foot,21,38,2-0,Simon Mignolet,Kylian Mbappé,Kylian Mbappé,Pass (Live),Kylian Mbappé,Dribble,
38,2021-11-20,Ligue 1,Matchweek 14,Home,Paris S-G,Nantes,Y,0.10,0.48,Left Foot,22,87,2-1,Alban Lafont,Kylian Mbappé,Kylian Mbappé,Pass (Live),Leandro Paredes,Pass (Live),
39,2021-10-19,Champions Lg,Group stage,Home,Paris S-G,RB Leipzig,Y,0.79,0.86,Left Foot,13,74,2-2,Péter Gulácsi,,Kylian Mbappé,Fouled,Julian Draxler,Pass (Live),
40,2021-10-19,Champions Lg,Group stage,Home,Paris S-G,RB Leipzig,Y,0.95,0.99,Left Foot,0,67,1-2,Péter Gulácsi,,Lionel Messi,Shot,,,
,,,,,,,,,,,,,,,,,,,,
41,2021-10-10,WCQ,WCQ — CONMEBOL (M),Home,Argentina,Uruguay,Y*,,,,,38,0-0,Fernando Muslera,Giovani Lo Celso,,,,,
,,,,,,,,,,,,,,,,,,,,
42,2021-09-28,Champions Lg,Group stage,Home,Paris S-G,Manchester City,Y,0.06,0.28,Left Foot,21,74,1-0,Ederson,Kylian Mbappé,Kylian Mbappé,Pass (Live),Lionel Messi,Pass (Live),
,,,,,,,,,,,,,,,,,,,,
43,2021-09-09,WCQ,WCQ — CONMEBOL (M),Home,Argentina,Bolivia,Y*,,,,,88,2-0,Carlos Lampe,,,,,,
44,2021-09-09,WCQ,WCQ — CONMEBOL (M),Home,Argentina,Bolivia,Y*,,,,,64,1-0,Carlos Lampe,,,,,,
45,2021-09-09,WCQ,WCQ — CONMEBOL (M),Home,Argentina,Bolivia,Y*,,,,,14,0-0,Carlos Lampe,Leandro Paredes,,,,,
46,2021-07-03,Copa América,Quarter-finals,Neutral,Argentina,Ecuador,Y*,0.10,0.58,Left Foot,20,90+3,2-0,Hernán Galíndez,,Ángel Di María,Fouled,Ángel Di María,Dribble,
47,2021-06-28,Copa América,Group stage,Neutral,Argentina,Bolivia,Y*,0.31,0.64,Left Foot,27,42,2-0,Carlos Lampe,Sergio Agüero,Sergio Agüero,Pass (Live),Guido Rodríguez,Pass (Live),Volley
48,2021-06-28,Copa América,Group stage,Neutral,Argentina,Bolivia,Y*,0.79,0.99,Left Foot,13,30,1-0,Carlos Lampe,,Papu Gómez,Fouled,Lionel Messi,Pass (Live),
49,2021-06-14,Copa América,Group stage,Neutral,Argentina,Chile,Y*,0.07,0.54,Left Foot,27,33,0-0,Claudio Bravo,,Giovani Lo Celso,Fouled,Leandro Paredes,Pass (Live),
50,2021-06-03,WCQ,WCQ — CONMEBOL (M),Home,Argentina,Chile,Y*,,,,,24,0-0,Claudio Bravo,,,,,,
,,,,,,,,,,,,,,,,,,,,
51,2021-05-16,La Liga,Matchweek 37,Home,Barcelona,Celta Vigo,Y*,0.30,0.62,Head,9,28,0-0,Iván Villar,Sergio Busquets,Sergio Busquets,Pass (Live),Clément Lenglet,Pass (Live),
52,2021-05-11,La Liga,Matchweek 36,Away,Barcelona,Levante,Y*,0.06,0.33,Left Foot,14,25,0-0,Aitor Fernández,,,,,,Volley
53,2021-05-02,La Liga,Matchweek 34,Away,Barcelona,Valencia,Y*,0.05,0.06,Left Foot,32,69,2-1,Jasper Cillessen,,Lionel Messi,Fouled,Antoine Griezmann,Pass (Live),
54,2021-05-02,La Liga,Matchweek 34,Away,Barcelona,Valencia,Y*,0.84,0.89,Left Foot,3,57,0-1,Jasper Cillessen,,Pedri,Shot,,,
55,2021-04-29,La Liga,Matchweek 33,Home,Barcelona,Granada,Y*,0.25,0.89,Left Foot,10,23,0-0,Aarón Escandell,Antoine Griezmann,Antoine Griezmann,Pass (Live),Antoine Griezmann,Dribble,
56,2021-04-22,La Liga,Matchweek 31,Home,Barcelona,Getafe,Y*,0.25,0.16,Left Foot,3,33,2-1,David Soria,,Lionel Messi,Shot,,,
57,2021-04-22,La Liga,Matchweek 31,Home,Barcelona,Getafe,Y*,0.08,0.41,Left Foot,15,8,0-0,David Soria,Sergio Busquets,Sergio Busquets,Pass (Live),Gerard Piqué,Pass (Live),
58,2021-04-17,Copa del Rey,Final,Neutral,Barcelona,Athletic Club,Y*,,,,,72,3-0,Unai Simón,Jordi Alba,,,,,
59,2021-04-17,Copa del Rey,Final,Neutral,Barcelona,Athletic Club,Y*,,,,,68,2-0,Unai Simón,Frenkie de Jong,,,,,
60,2021-03-21,La Liga,Matchweek 28,Away,Barcelona,Real Sociedad,Y*,0.33,0.77,Left Foot,12,89,5-1,Álex Remiro,Jordi Alba,Jordi Alba,Pass (Live),Riqui Puig,Pass (Live),
61,2021-03-21,La Liga,Matchweek 28,Away,Barcelona,Real Sociedad,Y*,0.51,0.77,Left Foot,11,56,3-0,Álex Remiro,Sergio Busquets,Sergio Busquets,Pass (Live),Frenkie de Jong,Pass (Live),
62,2021-03-15,La Liga,Matchweek 27,Home,Barcelona,Huesca,Y*,0.03,0.34,Left Foot,26,90,3-1,Álvaro Fernández,Francisco Trincão,Francisco Trincão,Pass (Live),Riqui Puig,Pass (Live),Deflected
63,2021-03-15,La Liga,Matchweek 27,Home,Barcelona,Huesca,Y*,0.03,0.33,Left Foot,22,13,0-0,Álvaro Fernández,Sergio Busquets,Lionel Messi,Dribble,Sergio Busquets,Pass (Live),
64,2021-03-10,Champions Lg,Round of 16,Away,Barcelona,Paris S-G,Y*,0.03,0.36,Left Foot,32,37,0-1,Keylor Navas,Pedri,Pedri,Pass (Live),Ousmane Dembélé,Pass (Live),
65,2021-02-27,La Liga,Matchweek 25,Away,Barcelona,Sevilla,Y*,0.85,0.97,Right Foot,3,85,1-0,Yassine Bounou,,Lionel Messi,Dribble,Lionel Messi,Shot,
66,2021-02-24,La Liga,Matchweek 1,Home,Barcelona,Elche,Y*,0.74,0.95,Left Foot,6,68,1-0,Édgar Badía,Frenkie de Jong,Lionel Messi,Dribble,Lionel Messi,Dribble,
67,2021-02-24,La Liga,Matchweek 1,Home,Barcelona,Elche,Y*,0.48,0.90,Left Foot,9,48,0-0,Édgar Badía,Martin Braithwaite,Martin Braithwaite,Pass (Live),Lionel Messi,Pass (Live),
68,2021-02-21,La Liga,Matchweek 24,Home,Barcelona,Cádiz,Y*,0.79,0.98,Left Foot,13,32,0-0,Jeremías Ledesma,,Pedri,Fouled,,,
69,2021-02-16,Champions Lg,Round of 16,Home,Barcelona,Paris S-G,Y*,0.79,0.98,Left Foot,13,27,0-0,Keylor Navas,,Frenkie de Jong,Fouled,Gerard Piqué,Pass (Live),
70,2021-02-13,La Liga,Matchweek 23,Home,Barcelona,Alavés,Y*,0.03,0.48,Left Foot,28,75,3-1,Fernando Pacheco,Antoine Griezmann,Antoine Griezmann,Pass (Live),Junior Firpo,Pass (Live),
71,2021-02-13,La Liga,Matchweek 23,Home,Barcelona,Alavés,Y*,0.03,0.28,Left Foot,26,45+1,1-0,Fernando Pacheco,Sergio Busquets,Lionel Messi,Dribble,Sergio Busquets,Pass (Live),
72,2021-02-07,La Liga,Matchweek 22,Away,Barcelona,Betis,N,0.06,0.38,Left Foot,18,59,0-1,Joel Robles,Ousmane Dembélé,Ousmane Dembélé,Pass (Live),,,
73,2021-01-31,La Liga,Matchweek 21,Home,Barcelona,Athletic Club,Y*,0.07,0.58,Left Foot,28,20,0-0,Unai Simón,,Lionel Messi,Fouled,Ousmane Dembélé,Pass (Live),
74,2021-01-27,Copa del Rey,Round of 16,Away,Barcelona,Rayo Vallecano,Y*,,,,,69,0-1,Stole Dimitrievski,Antoine Griezmann,,,,,
75,2021-01-09,La Liga,Matchweek 18,Away,Barcelona,Granada,Y*,0.12,0.59,Left Foot,21,42,2-0,Rui Silva,,Pedri,Fouled,Lionel Messi,Pass (Live),
76,2021-01-09,La Liga,Matchweek 18,Away,Barcelona,Granada,Y*,0.08,0.42,Left Foot,15,35,1-0,Rui Silva,Antoine Griezmann,Antoine Griezmann,Pass (Live),Sergio Busquets,Pass (Live),
77,2021-01-06,La Liga,Matchweek 2,Away,Barcelona,Athletic Club,Y*,0.11,0.33,Left Foot,9,62,2-1,Unai Simón,Antoine Griezmann,Antoine Griezmann,Pass (Live),Jordi Alba,Pass (Live),
78,2021-01-06,La Liga,Matchweek 2,Away,Barcelona,Athletic Club,Y*,0.22,0.40,Left Foot,17,38,1-1,Unai Simón,Pedri,Pedri,Pass (Live),Lionel Messi,Pass (Live),
79,2020-12-22,La Liga,Matchweek 15,Away,Barcelona,Valladolid,Y*,0.43,0.76,Left Foot,11,65,2-0,Jordi Masip,Pedri,Lionel Messi,Dribble,Pedri,Pass (Live),
80,2020-12-19,La Liga,Matchweek 14,Home,Barcelona,Valencia,Y*,0.85,0.97,Head,1,45+4,0-1,Jaume Doménech,,,,,,
81,2020-12-13,La Liga,Matchweek 13,Home,Barcelona,Levante,Y*,0.26,0.84,Left Foot,14,76,0-0,Aitor Fernández,Frenkie de Jong,Frenkie de Jong,Pass (Live),Martin Braithwaite,Tackle,
82,2020-11-29,La Liga,Matchweek 11,Home,Barcelona,Osasuna,Y*,0.04,0.30,Left Foot,20,73,3-0,Sergio Herrera,Francisco Trincão,Lionel Messi,Dribble,Francisco Trincão,Pass (Live),
83,2020-11-07,La Liga,Matchweek 9,Home,Barcelona,Betis,N,0.28,0.56,Left Foot,9,82,3-2,Claudio Bravo,Sergi Roberto,Sergi Roberto,Pass (Live),Lionel Messi,Pass (Live),
84,2020-11-07,La Liga,Matchweek 9,Home,Barcelona,Betis,N,0.79,0.99,Left Foot,13,61,2-1,Claudio Bravo,,,Fouled,Ousmane Dembélé,Shot,
85,2020-11-04,Champions Lg,Group stage,Home,Barcelona,Dynamo Kyiv,Y*,0.79,0.99,Left Foot,13,5,0-0,Ruslan Neshcheret,,Lionel Messi,Fouled,Ansu Fati,Pass (Live),
86,2020-10-28,Champions Lg,Group stage,Away,Barcelona,Juventus,Y*,0.79,0.99,Left Foot,13,90+1,1-0,Wojciech Szczęsny,,Ansu Fati,Fouled,Lionel Messi,Pass (Live),
87,2020-10-20,Champions Lg,Group stage,Home,Barcelona,Ferencváros,Y*,0.79,0.99,Left Foot,13,27,0-0,Dénes Dibusz,,Lionel Messi,Fouled,Lionel Messi,Dribble,
,,,,,,,,,,,,,,,,,,,,
88,2020-10-08,WCQ,WCQ — CONMEBOL (M),Home,Argentina,Ecuador,Y*,,,,,13,0-0,Alexander Domínguez,,,,,,
,,,,,,,,,,,,,,,,,,,,
89,2020-09-27,La Liga,Matchweek 3,Home,Barcelona,Villarreal,Y*,0.79,0.97,Left Foot,13,35,2-0,Sergio Asenjo,,Ansu Fati,Fouled,Frenkie de Jong,Pass (Live),
90,2020-08-08,Champions Lg,Round of 16,Home,Barcelona,Napoli,Y*,0.09,0.58,Left Foot,14,23,1-0,David Ospina,,Lionel Messi,Dribble,,,
91,2020-07-19,La Liga,Matchweek 38,Away,Barcelona,Alavés,Y*,0.09,0.07,Left Foot,12,75,4-0,Roberto,Jordi Alba,Jordi Alba,Pass (Live),Frenkie de Jong,Pass (Live),
92,2020-07-19,La Liga,Matchweek 38,Away,Barcelona,Alavés,Y*,0.74,0.98,Left Foot,7,34,1-0,Roberto,Riqui Puig,Lionel Messi,Dribble,Riqui Puig,Pass (Live),
93,2020-07-16,La Liga,Matchweek 37,Home,Barcelona,Osasuna,Y*,0.06,0.49,Left Foot,28,62,0-1,Sergio Herrera,,Luis Suárez,Fouled,Riqui Puig,Pass (Live),
94,2020-06-30,La Liga,Matchweek 33,Home,Barcelona,Atlético Madrid,Y*,0.79,0.98,Left Foot,13,50,1-1,Jan Oblak,,Nélson Semedo,Fouled,Arturo Vidal,Pass (Live),
95,2020-06-16,La Liga,Matchweek 29,Home,Barcelona,Leganés,Y*,0.79,0.99,Left Foot,13,69,1-0,Iván Cuéllar,,Lionel Messi,Fouled,Lionel Messi,Pass (Live),
96,2020-06-13,La Liga,Matchweek 28,Away,Barcelona,Mallorca,Y*,0.06,0.57,Right Foot,15,90+3,3-0,Manolo Reina,Luis Suárez,Luis Suárez,Pass (Live),Ronald Araújo,Pass (Live),Deflected
97,2020-03-07,La Liga,Matchweek 27,Home,Barcelona,Real Sociedad,Y*,0.79,0.98,Left Foot,13,81,0-0,Álex Remiro,,,Fouled,Lionel Messi,Fouled,
98,2020-02-22,La Liga,Matchweek 25,Home,Barcelona,Eibar,Y*,0.70,0.96,Left Foot,4,87,3-0,Marko Dmitrović,,Arturo Vidal,Pass (Live),Lionel Messi,Pass (Live),
99,2020-02-22,La Liga,Matchweek 25,Home,Barcelona,Eibar,Y*,0.40,0.30,Left Foot,10,40,2-0,Marko Dmitrović,,Lionel Messi,Pass (Live),,,
100,2020-02-22,La Liga,Matchweek 25,Home,Barcelona,Eibar,Y*,0.25,0.88,Left Foot,12,37,1-0,Marko Dmitrović,Arturo Vidal,Arturo Vidal,Pass (Live),Sergio Busquets,Pass (Live),
101,2020-02-22,La Liga,Matchweek 25,Home,Barcelona,Eibar,Y*,0.28,0.45,Left Foot,14,14,0-0,Marko Dmitrović,Ivan Rakitić,Lionel Messi,Dribble,Ivan Rakitić,Pass (Live),
102,2020-01-30,Copa del Rey,Round of 16,Home,Barcelona,Leganés,Y*,,,,,89,4-0,Iván Cuéllar,Ivan Rakitić,,,,,
103,2020-01-30,Copa del Rey,Round of 16,Home,Barcelona,Leganés,Y*,,,,,59,2-0,Iván Cuéllar,,,,,,
104,2020-01-19,La Liga,Matchweek 20,Home,Barcelona,Granada,Y*,0.33,0.80,Right Foot,16,76,0-0,Rui Silva,Arturo Vidal,Arturo Vidal,Pass (Live),Antoine Griezmann,Pass (Live),
105,2020-01-09,Supercopa de España,Semi-finals,Home,Barcelona,Atlético Madrid,Y*,,,,,51,0-1,Jan Oblak,Luis Suárez,,,,,
106,2019-12-21,La Liga,Matchweek 18,Home,Barcelona,Alavés,Y*,0.03,0.24,Left Foot,27,69,2-1,Fernando Pacheco,Luis Suárez,Luis Suárez,Pass (Live),Carles Aleñá,Pass (Live),
107,2019-12-07,La Liga,Matchweek 16,Home,Barcelona,Mallorca,Y*,0.09,0.52,Left Foot,14,83,4-2,Manolo Reina,Luis Suárez,Luis Suárez,Pass (Live),Sergi Roberto,Pass (Live),
108,2019-12-07,La Liga,Matchweek 16,Home,Barcelona,Mallorca,Y*,0.07,0.14,Left Foot,21,41,2-1,Manolo Reina,Ivan Rakitić,Ivan Rakitić,Pass (Live),Luis Suárez,Pass (Live),
109,2019-12-07,La Liga,Matchweek 16,Home,Barcelona,Mallorca,Y*,0.03,0.27,Left Foot,24,17,1-0,Manolo Reina,Antoine Griezmann,Antoine Griezmann,Pass (Live),Sergio Busquets,Pass (Live),
110,2019-12-01,La Liga,Matchweek 15,Away,Barcelona,Atlético Madrid,Y*,0.06,0.32,Left Foot,21,86,0-0,Jan Oblak,Luis Suárez,Luis Suárez,Pass (Live),Lionel Messi,Pass (Live),
111,2019-11-27,Champions Lg,Group stage,Home,Barcelona,Dortmund,Y*,0.31,0.78,Left Foot,11,33,1-0,Roman Bürki,Luis Suárez,Luis Suárez,Pass (Live),Lionel Messi,Pass (Live),
,,,,,,,,,,,,,,,,,,,,
112,2019-11-18,Friendlies (M),Friendlies (M),Home,Argentina,Uruguay,Y*,,,,,90+2,1-2,Martín Campaña,,,,,,
113,2019-11-15,Friendlies (M),Friendlies (M),Away,Argentina,Brazil,Y*,,,,,14,0-0,Alisson,,,,,,
,,,,,,,,,,,,,,,,,,,,
114,2019-11-09,La Liga,Matchweek 13,Home,Barcelona,Celta Vigo,Y*,0.06,0.50,Left Foot,29,48,2-1,Rubén Blanco,,Frenkie de Jong,Fouled,Antoine Griezmann,Pass (Live),
115,2019-11-09,La Liga,Matchweek 13,Home,Barcelona,Celta Vigo,Y*,0.05,0.43,Left Foot,31,45+1,1-1,Rubén Blanco,,Arthur Melo,Fouled,Arthur Melo,Dribble,
116,2019-11-09,La Liga,Matchweek 13,Home,Barcelona,Celta Vigo,Y*,0.79,0.99,Left Foot,13,23,0-0,Rubén Blanco,,,Fouled,Arthur Melo,Pass (Live),
117,2019-11-02,La Liga,Matchweek 12,Away,Barcelona,Levante,Y*,0.79,0.99,Left Foot,13,38,0-0,Aitor Fernández,,Nélson Semedo,Fouled,Arthur Melo,Pass (Live),
118,2019-10-29,La Liga,Matchweek 11,Home,Barcelona,Valladolid,Y*,0.10,0.38,Left Foot,17,75,3-1,Jordi Masip,Ivan Rakitić,Ivan Rakitić,Pass (Live),Sergio Busquets,Pass (Live),Volley
119,2019-10-29,La Liga,Matchweek 11,Home,Barcelona,Valladolid,Y*,0.04,0.42,Left Foot,30,34,2-1,Jordi Masip,,Nélson Semedo,Fouled,,,
120,2019-10-23,Champions Lg,Group stage,Away,Barcelona,Slavia Prague,Y*,0.36,0.80,Left Foot,14,3,0-0,Ondřej Kolář,Arthur Melo,Arthur Melo,Pass (Live),Lionel Messi,Pass (Live),
121,2019-10-19,La Liga,Matchweek 9,Away,Barcelona,Eibar,Y*,0.43,0.87,Left Foot,9,58,1-0,Marko Dmitrović,Antoine Griezmann,Antoine Griezmann,Pass (Live),Frenkie de Jong,Pass (Live),
122,2019-10-06,La Liga,Matchweek 8,Home,Barcelona,Sevilla,Y*,0.08,0.11,Left Foot,24,78,3-0,Tomáš Vaclík,,,Fouled,Lionel Messi,Pass (Live),
,,,,,,,,,,,,,,,,,,,,
123,2019-06-19,Copa América,Group stage,Neutral,Argentina,Paraguay,Y*,0.79,0.99,Left Foot,13,57,0-1,Gatito Fernández,,,Fouled,Lautaro Martínez,Shot,
124,2019-06-07,Friendlies (M),Friendlies (M),Home,Argentina,Nicaragua,Y,,,,,38,1-0,Justo Lorente,,,,,,
125,2019-06-07,Friendlies (M),Friendlies (M),Home,Argentina,Nicaragua,Y,,,,,37,0-0,Justo Lorente,Giovani Lo Celso,,,,,
,,,,,,,,,,,,,,,,,,,,
126,2019-05-25,Copa del Rey,Final,Neutral,Barcelona,Valencia,Y*,,,,,73,0-2,Jaume Doménech,,,,,,
127,2019-05-19,La Liga,Matchweek 38,Away,Barcelona,Eibar,Y*,0.41,0.69,Left Foot,13,32,1-1,Marko Dmitrović,Ivan Rakitić,Ivan Rakitić,Pass (Live),Jordi Alba,Pass (Live),
128,2019-05-19,La Liga,Matchweek 38,Away,Barcelona,Eibar,Y*,0.39,0.40,Left Foot,8,31,0-1,Marko Dmitrović,Arturo Vidal,Arturo Vidal,Pass (Live),Malcom,Pass (Live),
129,2019-05-01,Champions Lg,Semi-finals,Home,Barcelona,Liverpool,Y*,0.06,0.61,Left Foot,32,82,2-0,Alisson,,Lionel Messi,Fouled,Lionel Messi,Pass (Live),Deflected
130,2019-05-01,Champions Lg,Semi-finals,Home,Barcelona,Liverpool,Y*,0.79,0.98,Left Foot,2,75,1-0,Alisson,Luis Suárez,Luis Suárez,Shot,,,
131,2019-04-27,La Liga,Matchweek 35,Home,Barcelona,Levante,N,0.18,0.70,Left Foot,11,62,0-0,Aitor Fernández,Arturo Vidal,Lionel Messi,Dribble,Arturo Vidal,Pass (Live),
132,2019-04-16,Champions Lg,Quarter-finals,Home,Barcelona,Manchester Utd,Y*,0.04,0.32,Right Foot,22,20,1-0,David de Gea,,,,,,
133,2019-04-16,Champions Lg,Quarter-finals,Home,Barcelona,Manchester Utd,Y*,0.06,0.53,Left Foot,24,16,0-0,David de Gea,,Lionel Messi,Dribble,,,
134,2019-04-06,La Liga,Matchweek 31,Home,Barcelona,Atlético Madrid,Y*,0.46,0.87,Left Foot,11,86,1-0,Jan Oblak,,Ivan Rakitić,Pass (Live),Malcom,Pass (Live),
135,2019-04-02,La Liga,Matchweek 30,Away,Barcelona,Villarreal,N,0.12,0.64,Left Foot,22,90,2-4,Sergio Asenjo,,Lionel Messi,Fouled,Carles Aleñá,Pass (Live),
136,2019-03-30,La Liga,Matchweek 29,Home,Barcelona,Espanyol,Y*,0.09,0.08,Left Foot,14,89,1-0,Diego López,Malcom,Malcom,Pass (Live),Ivan Rakitić,Pass (Live),
137,2019-03-30,La Liga,Matchweek 29,Home,Barcelona,Espanyol,Y*,0.13,0.15,Left Foot,21,71,0-0,Diego López,,Lionel Messi,Fouled,Luis Suárez,Pass (Live),Deflected
138,2019-03-17,La Liga,Matchweek 28,Away,Barcelona,Betis,Y*,0.05,0.13,Left Foot,18,85,3-1,Pau López,Ivan Rakitić,Ivan Rakitić,Pass (Live),Lionel Messi,Pass (Live),
139,2019-03-17,La Liga,Matchweek 28,Away,Barcelona,Betis,Y*,0.46,0.81,Left Foot,11,45+2,1-0,Pau López,Luis Suárez,Luis Suárez,Pass (Live),Lionel Messi,Pass (Live),
140,2019-03-17,La Liga,Matchweek 28,Away,Barcelona,Betis,Y*,0.08,0.66,Left Foot,26,18,0-0,Pau López,,Arthur Melo,Fouled,Lionel Messi,Pass (Live),
141,2019-03-13,Champions Lg,Round of 16,Home,Barcelona,Lyon,Y*,0.11,0.39,Right Foot,15,78,2-1,Mathieu Gorgelin,,Lionel Messi,Dribble,Sergio Busquets,Pass (Live),
142,2019-03-13,Champions Lg,Round of 16,Home,Barcelona,Lyon,Y*,0.79,0.84,Left Foot,13,18,0-0,Anthony Lopes,,Luis Suárez,Fouled,Luis Suárez,Pass (Live),
143,2019-03-09,La Liga,Matchweek 27,Home,Barcelona,Rayo Vallecano,Y*,0.79,0.99,Left Foot,13,51,1-1,Stole Dimitrievski,,Nélson Semedo,Fouled,Ousmane Dembélé,Pass (Live),
144,2019-02-23,La Liga,Matchweek 25,Away,Barcelona,Sevilla,Y*,0.50,0.47,Left Foot,10,85,2-2,Tomáš Vaclík,,Carles Aleñá,Shot,,,
145,2019-02-23,La Liga,Matchweek 25,Away,Barcelona,Sevilla,Y*,0.07,0.31,Right Foot,17,67,1-2,Tomáš Vaclík,Ousmane Dembélé,Ousmane Dembélé,Pass (Live),Ivan Rakitić,Pass (Live),
146,2019-02-23,La Liga,Matchweek 25,Away,Barcelona,Sevilla,Y*,0.07,0.30,Left Foot,16,26,0-1,Tomáš Vaclík,Ivan Rakitić,Ivan Rakitić,Pass (Live),Luis Suárez,Pass (Live),Volley
147,2019-02-16,La Liga,Matchweek 24,Home,Barcelona,Valladolid,Y*,0.79,1.00,Left Foot,13,43,0-0,Jordi Masip,,Gerard Piqué,Fouled,Lionel Messi,Shot,
148,2019-02-02,La Liga,Matchweek 22,Home,Barcelona,Valencia,Y*,0.03,0.15,Left Foot,26,64,1-2,Neto,Arturo Vidal,Arturo Vidal,Pass (Live),Luis Suárez,Dribble,
149,2019-02-02,La Liga,Matchweek 22,Home,Barcelona,Valencia,Y*,0.79,0.99,Left Foot,13,39,0-2,Neto,,Nélson Semedo,Fouled,Philippe Coutinho,Pass (Live),
150,2019-01-30,Copa del Rey,Quarter-finals,Home,Barcelona,Sevilla,Y*,,,,,90+2,5-1,Juan Soriano,Jordi Alba,,,,,
151,2019-01-27,La Liga,Matchweek 21,Away,Barcelona,Girona,Y*,0.35,0.28,Left Foot,16,68,1-0,Yassine Bounou,Jordi Alba,Jordi Alba,Pass (Live),Luis Suárez,Pass (Live),
152,2019-01-20,La Liga,Matchweek 20,Home,Barcelona,Leganés,N,0.11,0.24,Right Foot,14,90+2,2-1,Iván Cuéllar,Jordi Alba,Jordi Alba,Pass (Live),Lionel Messi,Pass (Live),
153,2019-01-17,Copa del Rey,Round of 16,Home,Barcelona,Levante,Y*,,,,,54,2-0,Aitor Fernández,Nélson Semedo,,,,,
154,2019-01-13,La Liga,Matchweek 19,Home,Barcelona,Eibar,Y*,0.09,0.39,Left Foot,11,53,1-0,Asier Riesgo,Luis Suárez,Luis Suárez,Pass (Live),Philippe Coutinho,Pass (Live),
155,2019-01-06,La Liga,Matchweek 18,Away,Barcelona,Getafe,Y*,0.36,0.59,Left Foot,5,20,0-0,David Soria,,Lionel Messi,Shot,,,
156,2018-12-22,La Liga,Matchweek 17,Home,Barcelona,Celta Vigo,Y*,0.40,0.80,Left Foot,19,45,1-0,Rubén Blanco,Jordi Alba,Jordi Alba,Pass (Live),Sergio Busquets,Pass (Live),
157,2018-12-16,La Liga,Matchweek 16,Away,Barcelona,Levante,Y*,0.71,0.97,Left Foot,4,60,3-0,Oier Olazábal,Arturo Vidal,Arturo Vidal,Pass (Live),Luis Suárez,Pass (Live),Volley
158,2018-12-16,La Liga,Matchweek 16,Away,Barcelona,Levante,Y*,0.06,0.19,Left Foot,16,47,2-0,Oier Olazábal,,Luis Suárez,Pass (Live),,,
159,2018-12-16,La Liga,Matchweek 16,Away,Barcelona,Levante,Y*,0.56,0.68,Right Foot,10,43,1-0,Oier Olazábal,Sergio Busquets,Sergio Busquets,Pass (Live),,,Deflected
160,2018-12-08,La Liga,Matchweek 15,Away,Barcelona,Espanyol,Y*,0.05,0.21,Left Foot,29,65,3-0,Diego López,,Luis Suárez,Fouled,Ousmane Dembélé,Pass (Live),
161,2018-12-08,La Liga,Matchweek 15,Away,Barcelona,Espanyol,Y*,0.05,0.57,Left Foot,31,17,0-0,Diego López,,Lionel Messi,Fouled,Sergio Busquets,Pass (Live),
162,2018-11-28,Champions Lg,Group stage,Away,Barcelona,PSV Eindhoven,Y*,0.07,0.38,Left Foot,14,61,0-0,Jeroen Zoet,Ousmane Dembélé,Ousmane Dembélé,Pass (Live),Lionel Messi,Pass (Live),
163,2018-11-11,La Liga,Matchweek 12,Home,Barcelona,Betis,Y*,0.88,0.98,Left Foot,2,90+2,2-4,Pau López,Arturo Vidal,Arturo Vidal,Pass (Live),Luis Suárez,Pass (Live),
164,2018-11-11,La Liga,Matchweek 12,Home,Barcelona,Betis,Y*,0.79,1.00,Left Foot,13,68,0-2,Pau López,,Jordi Alba,Fouled,Lionel Messi,Pass (Live),
165,2018-10-20,La Liga,Matchweek 9,Home,Barcelona,Sevilla,Y*,0.04,0.44,Left Foot,21,12,1-0,Tomáš Vaclík,Luis Suárez,Luis Suárez,Pass (Live),,,
166,2018-10-07,La Liga,Matchweek 8,Away,Barcelona,Valencia,Y*,0.05,0.46,Left Foot,25,23,0-1,Neto,Luis Suárez,Luis Suárez,Pass (Live),Lionel Messi,Pass (Live),
167,2018-10-03,Champions Lg,Group stage,Away,Barcelona,Tottenham,Y*,0.36,0.81,Left Foot,14,90,3-2,Hugo Lloris,Jordi Alba,Jordi Alba,Pass (Live),Jordi Alba,Interception,
168,2018-10-03,Champions Lg,Group stage,Away,Barcelona,Tottenham,Y*,0.33,0.85,Left Foot,14,56,2-1,Hugo Lloris,Jordi Alba,Jordi Alba,Pass (Live),Lionel Messi,Pass (Live),
169,2018-09-23,La Liga,Matchweek 5,Home,Barcelona,Girona,Y*,0.29,0.84,Left Foot,15,19,0-0,Yassine Bounou,Arturo Vidal,Arturo Vidal,Pass (Live),Arturo Vidal,Dribble,
170,2018-09-18,Champions Lg,Group stage,Home,Barcelona,PSV Eindhoven,Y*,0.42,0.93,Right Foot,13,87,3-0,Jeroen Zoet,Luis Suárez,Luis Suárez,Pass (Live),Arthur Melo,Pass (Live),
171,2018-09-18,Champions Lg,Group stage,Home,Barcelona,PSV Eindhoven,Y*,0.11,0.30,Left Foot,10,77,2-0,Jeroen Zoet,Ivan Rakitić,Ivan Rakitić,Pass (Live),Lionel Messi,Pass (Live),
172,2018-09-18,Champions Lg,Group stage,Home,Barcelona,PSV Eindhoven,Y*,0.08,0.55,Left Foot,26,32,0-0,Jeroen Zoet,,Ousmane Dembélé,Fouled,Ousmane Dembélé,Dribble,
173,2018-09-02,La Liga,Matchweek 3,Home,Barcelona,Huesca,Y*,0.50,0.95,Left Foot,17,61,5-2,Axel Werner,Philippe Coutinho,Philippe Coutinho,Pass (Live),Marc-André ter Stegen,Pass (Live),
174,2018-09-02,La Liga,Matchweek 3,Home,Barcelona,Huesca,Y*,0.09,0.74,Right Foot,11,16,0-1,Axel Werner,Ivan Rakitić,Lionel Messi,Dribble,Ivan Rakitić,Pass (Live),
175,2018-08-18,La Liga,Matchweek 1,Home,Barcelona,Alavés,Y*,0.57,0.96,Left Foot,9,90+2,2-0,Fernando Pacheco,Luis Suárez,Lionel Messi,Dribble,Luis Suárez,Pass (Live),
176,2018-08-18,La Liga,Matchweek 1,Home,Barcelona,Alavés,Y*,0.08,0.18,Left Foot,26,64,0-0,Fernando Pacheco,,Lionel Messi,Fouled,Lionel Messi,Dribble,
,,,,,,,,,,,,,,,,,,,,
177,2018-06-26,FIFA World Cup,Group stage,Neutral,Argentina,Nigeria,Y*,0.12,0.69,Right Foot,10,14,0-0,Francis Uzoho,Éver Banega,Éver Banega,Pass (Live),Marcos Rojo,Pass (Live),
178,2018-05-29,Friendlies (M),Friendlies (M),Home,Argentina,Haiti,Y*,,,,,66,2-0,Johny Placide,Cristian Pavón,,,,,
179,2018-05-29,Friendlies (M),Friendlies (M),Home,Argentina,Haiti,Y*,,,,,58,1-0,Johny Placide,,,,,,
180,2018-05-29,Friendlies (M),Friendlies (M),Home,Argentina,Haiti,Y*,,,,,17,0-0,Johny Placide,,,,,,
,,,,,,,,,,,,,,,,,,,,
181,2018-05-09,La Liga,Matchweek 34,Home,Barcelona,Villarreal,Y,0.58,0.99,Left Foot,4,45,2-0,Sergio Asenjo,Andrés Iniesta,Andrés Iniesta,Pass (Live),Lionel Messi,Pass (Live),
182,2018-05-06,La Liga,Matchweek 36,Home,Barcelona,Real Madrid,Y,0.13,0.35,Left Foot,17,52,1-1,Keylor Navas,Luis Suárez,Lionel Messi,Dribble,Luis Suárez,Pass (Live),
183,2018-04-29,La Liga,Matchweek 35,Away,Barcelona,La Coruña,Y*,0.35,0.70,Left Foot,12,85,3-2,Rubén,Luis Suárez,Luis Suárez,Pass (Live),Denis Suárez,Pass (Live),
184,2018-04-29,La Liga,Matchweek 35,Away,Barcelona,La Coruña,Y*,0.74,0.99,Right Foot,5,82,2-2,Rubén,Luis Suárez,Luis Suárez,Pass (Live),Lionel Messi,Pass (Live),
185,2018-04-29,La Liga,Matchweek 35,Away,Barcelona,La Coruña,Y*,0.26,0.46,Left Foot,8,38,1-0,Rubén,Luis Suárez,Luis Suárez,Pass (Live),Ousmane Dembélé,Pass (Live),Volley
186,2018-04-21,Copa del Rey,Final,Neutral,Barcelona,Sevilla,Y,,,,,31,1-0,David Soria,Jordi Alba,,,,,
187,2018-04-07,La Liga,Matchweek 31,Home,Barcelona,Leganés,Y*,0.75,0.95,Left Foot,4,87,2-1,Iván Cuéllar,Ousmane Dembélé,Ousmane Dembélé,Pass (Live),Ivan Rakitić,Pass (Live),
188,2018-04-07,La Liga,Matchweek 31,Home,Barcelona,Leganés,Y*,0.11,0.43,Left Foot,15,32,1-0,Iván Cuéllar,Philippe Coutinho,Philippe Coutinho,Pass (Live),Ivan Rakitić,Pass (Live),
189,2018-04-07,La Liga,Matchweek 31,Home,Barcelona,Leganés,Y*,0.05,0.22,Left Foot,28,27,0-0,Iván Cuéllar,,Lionel Messi,Fouled,Ousmane Dembélé,Pass (Live),
190,2018-03-31,La Liga,Matchweek 30,Away,Barcelona,Sevilla,N,0.03,0.16,Left Foot,27,89,1-2,Sergio Rico,Philippe Coutinho,Philippe Coutinho,Pass (Live),Jordi Alba,Pass (Live),
191,2018-03-18,La Liga,Matchweek 29,Home,Barcelona,Athletic Club,Y*,0.06,0.23,Left Foot,22,30,1-0,Kepa Arrizabalaga,Ousmane Dembélé,Ousmane Dembélé,Pass (Live),Paulinho,Pass (Live),
192,2018-03-14,Champions Lg,Round of 16,Home,Barcelona,Chelsea,Y,0.09,0.05,Left Foot,12,63,2-0,Thibaut Courtois,Luis Suárez,Lionel Messi,Dribble,Luis Suárez,Pass (Live),
193,2018-03-14,Champions Lg,Round of 16,Home,Barcelona,Chelsea,Y,0.07,0.05,Right Foot,10,3,0-0,Thibaut Courtois,Luis Suárez,Luis Suárez,Pass (Live),Lionel Messi,Pass (Live),
194,2018-03-04,La Liga,Matchweek 27,Home,Barcelona,Atlético Madrid,Y,0.05,0.41,Left Foot,27,26,0-0,Jan Oblak,,Lionel Messi,Fouled,Luis Suárez,Shot,
195,2018-03-01,La Liga,Matchweek 26,Away,Barcelona,Las Palmas,Y,0.11,0.77,Left Foot,22,21,0-0,Leandro Chichizola,,Lionel Messi,Fouled,Lionel Messi,Dribble,
196,2018-02-24,La Liga,Matchweek 25,Home,Barcelona,Girona,Y*,0.09,0.19,Left Foot,25,36,2-1,Yassine Bounou,,Luis Suárez,Fouled,Philippe Coutinho,Pass (Live),
197,2018-02-24,La Liga,Matchweek 25,Home,Barcelona,Girona,Y*,0.10,0.57,Left Foot,12,30,1-1,Yassine Bounou,Luis Suárez,Luis Suárez,Pass (Live),Ivan Rakitić,Pass (Live),
198,2018-02-20,Champions Lg,Round of 16,Away,Barcelona,Chelsea,Y,0.28,0.57,Left Foot,16,75,0-1,Thibaut Courtois,Andrés Iniesta,Andrés Iniesta,Pass (Live),,,
199,2018-01-28,La Liga,Matchweek 21,Home,Barcelona,Alavés,Y,0.07,0.25,Left Foot,24,84,1-1,Fernando Pacheco,,Paco Alcácer,Fouled,Luis Suárez,Pass (Live),
200,2018-01-25,Copa del Rey,Quarter-finals,Home,Barcelona,Espanyol,Y,,,,,25,1-0,Pau López,,,,,,
201,2018-01-21,La Liga,Matchweek 20,Away,Barcelona,Betis,Y*,0.38,0.80,Left Foot,12,80,3-0,Antonio Adán,Luis Suárez,Lionel Messi,Dribble,Lionel Messi,Dribble,
202,2018-01-21,La Liga,Matchweek 20,Away,Barcelona,Betis,Y*,0.44,0.90,Left Foot,14,64,1-0,Antonio Adán,Sergio Busquets,Sergio Busquets,Pass (Live),Sergio Busquets,Tackle,
203,2018-01-14,La Liga,Matchweek 19,Away,Barcelona,Real Sociedad,Y*,0.04,0.20,Left Foot,33,85,3-2,Gerónimo Rulli,,,,,,
204,2018-01-11,Copa del Rey,Round of 16,Home,Barcelona,Celta Vigo,Y,,,,,15,1-0,Sergio Álvarez,,,,,,
205,2018-01-11,Copa del Rey,Round of 16,Home,Barcelona,Celta Vigo,Y,,,,,13,0-0,Sergio Álvarez,Jordi Alba,,,,,
206,2018-01-07,La Liga,Matchweek 18,Home,Barcelona,Levante,Y,0.07,0.51,Left Foot,15,12,0-0,Oier Olazábal,Jordi Alba,Jordi Alba,Pass (Live),Lionel Messi,Pass (Live),Volley
207,2017-12-23,La Liga,Matchweek 17,Away,Barcelona,Real Madrid,Y,0.79,0.97,Left Foot,13,64,1-0,Keylor Navas,,,Fouled,Paulinho,Shot,
208,2017-12-10,La Liga,Matchweek 15,Away,Barcelona,Villarreal,Y*,0.56,0.90,Left Foot,12,83,1-0,Sergio Asenjo,Sergio Busquets,Lionel Messi,Dribble,Lionel Messi,Dribble,
209,2017-12-02,La Liga,Matchweek 14,Home,Barcelona,Celta Vigo,Y,0.27,0.16,Left Foot,12,22,0-1,Rubén Blanco,Paulinho,Paulinho,Pass (Live),Luis Suárez,Pass (Live),
210,2017-10-28,La Liga,Matchweek 10,Away,Barcelona,Athletic Club,Y*,0.11,0.07,Left Foot,14,36,0-0,Kepa Arrizabalaga,Jordi Alba,Jordi Alba,Pass (Live),Lionel Messi,Pass (Live),
211,2017-10-18,Champions Lg,Group stage,Home,Barcelona,Olympiacos,Y,0.09,0.20,Left Foot,24,61,1-0,Silvio Proto,,Lionel Messi,Fouled,Andrés Iniesta,Pass (Live),
,,,,,,,,,,,,,,,,,,,,
212,2017-10-10,WCQ,WCQ — CONMEBOL (M),Away,Argentina,Ecuador,Y,,,,,62,2-1,Máximo Banguera,Enzo Pérez,,,,,
213,2017-10-10,WCQ,WCQ — CONMEBOL (M),Away,Argentina,Ecuador,Y,,,,,20,1-1,Máximo Banguera,,,,,,
214,2017-10-10,WCQ,WCQ — CONMEBOL (M),Away,Argentina,Ecuador,Y,,,,,12,0-1,Máximo Banguera,Ángel Di María,,,,,
,,,,,,,,,,,,,,,,,,,,
215,2017-10-01,La Liga,Matchweek 7,Home,Barcelona,Las Palmas,Y*,0.52,0.83,Left Foot,12,77,2-0,Leandro Chichizola,Luis Suárez,Luis Suárez,Pass (Live),Ivan Rakitić,Pass (Live),
216,2017-10-01,La Liga,Matchweek 7,Home,Barcelona,Las Palmas,Y*,0.90,0.97,Left Foot,3,70,1-0,Leandro Chichizola,Denis Suárez,Lionel Messi,Dribble,Denis Suárez,Pass (Live),
217,2017-09-19,La Liga,Matchweek 5,Home,Barcelona,Eibar,Y,0.41,0.61,Left Foot,10,87,5-1,Marko Dmitrović,Aleix Vidal,Aleix Vidal,Pass (Live),Lionel Messi,Pass (Live),
218,2017-09-19,La Liga,Matchweek 5,Home,Barcelona,Eibar,Y,0.38,0.79,Left Foot,11,62,4-1,Marko Dmitrović,Paulinho,Paulinho,Pass (Live),Lionel Messi,Pass (Live),
219,2017-09-19,La Liga,Matchweek 5,Home,Barcelona,Eibar,Y,0.04,0.44,Left Foot,19,59,3-1,Marko Dmitrović,Sergio Busquets,Sergio Busquets,Pass (Live),Andrés Iniesta,Pass (Live),
220,2017-09-19,La Liga,Matchweek 5,Home,Barcelona,Eibar,Y,0.79,0.99,Left Foot,13,20,0-0,Marko Dmitrović,,Nélson Semedo,Fouled,Andrés Iniesta,Pass (Live),
221,2017-09-12,Champions Lg,Group stage,Home,Barcelona,Juventus,Y,0.16,0.40,Left Foot,17,69,2-0,Gianluigi Buffon,Andrés Iniesta,Lionel Messi,Dribble,Andrés Iniesta,Pass (Live),
222,2017-09-12,Champions Lg,Group stage,Home,Barcelona,Juventus,Y,0.05,0.67,Left Foot,17,45,0-0,Gianluigi Buffon,Luis Suárez,Luis Suárez,Pass (Live),Lionel Messi,Pass (Live),
223,2017-09-09,La Liga,Matchweek 3,Home,Barcelona,Espanyol,Y,0.43,0.88,Left Foot,10,67,2-0,Pau López,Jordi Alba,Jordi Alba,Pass (Live),Luis Suárez,Pass (Live),
224,2017-09-09,La Liga,Matchweek 3,Home,Barcelona,Espanyol,Y,0.67,0.79,Right Foot,4,35,1-0,Pau López,Jordi Alba,Jordi Alba,Pass (Live),,,
225,2017-09-09,La Liga,Matchweek 3,Home,Barcelona,Espanyol,Y,0.64,0.98,Left Foot,11,26,0-0,Pau López,Ivan Rakitić,Lionel Messi,Dribble,Ivan Rakitić,Pass (Live),
226,2017-08-26,La Liga,Matchweek 2,Away,Barcelona,Alavés,Y,0.31,0.55,Left Foot,13,66,1-0,Fernando Pacheco,Paco Alcácer,Paco Alcácer,Interception,,,Volley
227,2017-08-26,La Liga,Matchweek 2,Away,Barcelona,Alavés,Y,0.08,0.06,Left Foot,12,55,0-0,Fernando Pacheco,Jordi Alba,Jordi Alba,Pass (Live),Andrés Iniesta,Pass (Live),Deflected
228,2017-08-13,Supercopa de España,Supercopa de España,Neutral,Barcelona,Real Madrid,Y,,,,,77,0-1,Keylor Navas,,,,,,
229,2017-05-27,Copa del Rey,Final,Home,Barcelona,Alavés,Y,,,,,30,0-0,Fernando Pacheco,Neymar,,,,,
230,2017-05-21,La Liga,Matchweek 38,Home,Barcelona,Eibar,Y,,,,,90+2,3-2,Yoel,,,,,,
231,2017-05-21,La Liga,Matchweek 38,Home,Barcelona,Eibar,Y,,,,,75,2-2,Yoel,,,,,,
232,2017-05-06,La Liga,Matchweek 36,Home,Barcelona,Villarreal,Y,,,,,82,3-1,Andrés Fernández,,,,,,
233,2017-05-06,La Liga,Matchweek 36,Home,Barcelona,Villarreal,Y,,,,,45,1-1,Andrés Fernández,,,,,,
234,2017-04-26,La Liga,Matchweek 34,Home,Barcelona,Osasuna,Y*,,,,,61,3-1,Salvatore Sirigu,,,,,,
235,2017-04-26,La Liga,Matchweek 34,Home,Barcelona,Osasuna,Y*,,,,,12,0-0,Salvatore Sirigu,,,,,,
236,2017-04-23,La Liga,Matchweek 33,Away,Barcelona,Real Madrid,Y,,,,,90+2,2-2,Keylor Navas,Jordi Alba,,,,,
237,2017-04-23,La Liga,Matchweek 33,Away,Barcelona,Real Madrid,Y,,,,,33,0-1,Keylor Navas,Ivan Rakitić,,,,,
238,2017-04-15,La Liga,Matchweek 32,Home,Barcelona,Real Sociedad,Y*,,,,,37,1-0,Gerónimo Rulli,,,,,,
239,2017-04-15,La Liga,Matchweek 32,Home,Barcelona,Real Sociedad,Y*,,,,,17,0-0,Gerónimo Rulli,Luis Suárez,,,,,
240,2017-04-05,La Liga,Matchweek 30,Home,Barcelona,Sevilla,Y,,,,,33,2-0,Sergio Rico,,,,,,
241,2017-04-05,La Liga,Matchweek 30,Home,Barcelona,Sevilla,Y,,,,,28,1-0,Sergio Rico,Luis Suárez,,,,,
,,,,,,,,,,,,,,,,,,,,
242,2017-03-23,WCQ,WCQ — CONMEBOL (M),Home,Argentina,Chile,Y,,,,,16,0-0,Claudio Bravo,,,,,,
,,,,,,,,,,,,,,,,,,,,
243,2017-03-19,La Liga,Matchweek 28,Home,Barcelona,Valencia,Y,,,,,52,2-2,Diego Alves,Javier Mascherano,,,,,
244,2017-03-19,La Liga,Matchweek 28,Home,Barcelona,Valencia,Y,,,,,45,1-1,Diego Alves,,,,,,
245,2017-03-08,Champions Lg,Round of 16,Home,Barcelona,Paris S-G,Y,,,,,50,2-0,Kevin Trapp,,,,,,
246,2017-03-04,La Liga,Matchweek 26,Home,Barcelona,Celta Vigo,Y*,,,,,64,4-0,Sergio Álvarez,,,,,,
247,2017-03-04,La Liga,Matchweek 26,Home,Barcelona,Celta Vigo,Y*,,,,,24,0-0,Sergio Álvarez,Sergio Busquets,,,,,
248,2017-03-01,La Liga,Matchweek 25,Home,Barcelona,Sporting Gijón,Y*,,,,,9,0-0,Iván Cuéllar,Javier Mascherano,,,,,
249,2017-02-26,La Liga,Matchweek 24,Away,Barcelona,Atlético Madrid,Y*,,,,,86,1-1,Jan Oblak,,,,,,
250,2017-02-19,La Liga,Matchweek 23,Home,Barcelona,Leganés,Y*,,,,,90,1-1,Iago Herrerín,,,,,,
251,2017-02-19,La Liga,Matchweek 23,Home,Barcelona,Leganés,Y*,,,,,4,0-0,Iago Herrerín,Luis Suárez,,,,,
252,2017-02-11,La Liga,Matchweek 22,Away,Barcelona,Alavés,Y*,,,,,59,2-0,Fernando Pacheco,,,,,,
253,2017-02-04,La Liga,Matchweek 21,Home,Barcelona,Athletic Club,Y*,,,,,40,1-0,Gorka Iraizoz,,,,,,
254,2017-02-01,Copa del Rey,Semi-finals,Away,Barcelona,Atlético Madrid,Y,,,,,33,1-0,Miguel Ángel Moyá,Ivan Rakitić,,,,,
255,2017-01-26,Copa del Rey,Quarter-finals,Home,Barcelona,Real Sociedad,Y,,,,,55,1-0,Gerónimo Rulli,,,,,,
256,2017-01-22,La Liga,Matchweek 19,Away,Barcelona,Eibar,Y*,,,,,50,1-0,Yoel,Luis Suárez,,,,,
257,2017-01-14,La Liga,Matchweek 18,Home,Barcelona,Las Palmas,Y*,,,,,52,1-0,Javi Varas,,,,,,
258,2017-01-11,Copa del Rey,Round of 16,Home,Barcelona,Athletic Club,Y,,,,,78,2-1,Gorka Iraizoz,,,,,,
259,2017-01-08,La Liga,Matchweek 17,Away,Barcelona,Villarreal,Y,,,,,89,0-1,Sergio Asenjo,,,,,,
260,2017-01-05,Copa del Rey,Round of 16,Away,Barcelona,Athletic Club,Y,,,,,52,0-2,Gorka Iraizoz,,,,,,
261,2016-12-18,La Liga,Matchweek 16,Home,Barcelona,Espanyol,Y,,,,,90,3-1,Roberto,Luis Suárez,,,,,
262,2016-12-10,La Liga,Matchweek 15,Away,Barcelona,Osasuna,Y,,,,,90+2,2-0,Nauzet Pérez,Sergio Busquets,,,,,
263,2016-12-10,La Liga,Matchweek 15,Away,Barcelona,Osasuna,Y,,,,,72,1-0,Nauzet Pérez,Jordi Alba,,,,,
264,2016-12-06,Champions Lg,Group stage,Home,Barcelona,M'Gladbach,Y,,,,,16,0-0,Yann Sommer,Arda Turan,,,,,
265,2016-11-27,La Liga,Matchweek 13,Away,Barcelona,Real Sociedad,Y*,,,,,59,0-1,Gerónimo Rulli,Neymar,,,,,
266,2016-11-23,Champions Lg,Group stage,Away,Barcelona,Celtic,Y*,,,,,56,1-0,Craig Gordon,,,,,,
267,2016-11-23,Champions Lg,Group stage,Away,Barcelona,Celtic,Y*,,,,,24,0-0,Craig Gordon,Neymar,,,,,
,,,,,,,,,,,,,,,,,,,,
268,2016-11-15,WCQ,WCQ — CONMEBOL (M),Home,Argentina,Colombia,Y,,,,,9,0-0,David Ospina,,,,,,
,,,,,,,,,,,,,,,,,,,,
269,2016-11-06,La Liga,Matchweek 11,Away,Barcelona,Sevilla,Y*,,,,,43,0-1,Sergio Rico,Neymar,,,,,
270,2016-11-01,Champions Lg,Group stage,Away,Barcelona,Manchester City,Y*,,,,,21,0-0,Willy Caballero,Neymar,,,,,
271,2016-10-22,La Liga,Matchweek 9,Away,Barcelona,Valencia,Y,,,,,90+4,2-2,Diego Alves,,,,,,
272,2016-10-22,La Liga,Matchweek 9,Away,Barcelona,Valencia,Y,,,,,22,0-0,Diego Alves,Ivan Rakitić,,,,,
273,2016-10-19,Champions Lg,Group stage,Home,Barcelona,Manchester City,Y,,,,,69,2-0,Willy Caballero,Luis Suárez,,,,,
274,2016-10-19,Champions Lg,Group stage,Home,Barcelona,Manchester City,Y,,,,,61,1-0,Willy Caballero,Andrés Iniesta,,,,,
275,2016-10-19,Champions Lg,Group stage,Home,Barcelona,Manchester City,Y,,,,,17,0-0,Claudio Bravo,Andrés Iniesta,,,,,
276,2016-10-15,La Liga,Matchweek 8,Home,Barcelona,La Coruña,N,,,,,58,3-0,Germán Lux,Neymar,,,,,
277,2016-09-17,La Liga,Matchweek 4,Away,Barcelona,Leganés,Y,,,,,55,3-0,Jon Ander Serantes,,,,,,
278,2016-09-17,La Liga,Matchweek 4,Away,Barcelona,Leganés,Y,,,,,15,0-0,Jon Ander Serantes,Luis Suárez,,,,,
279,2016-09-13,Champions Lg,Group stage,Home,Barcelona,Celtic,Y*,,,,,60,4-0,Dorus de Vries,Luis Suárez,,,,,
280,2016-09-13,Champions Lg,Group stage,Home,Barcelona,Celtic,Y*,,,,,27,1-0,Dorus de Vries,Neymar,,,,,
281,2016-09-13,Champions Lg,Group stage,Home,Barcelona,Celtic,Y*,,,,,3,0-0,Dorus de Vries,Neymar,,,,,
,,,,,,,,,,,,,,,,,,,,
282,2016-09-01,WCQ,WCQ — CONMEBOL (M),Home,Argentina,Uruguay,Y,,,,,43,0-0,Fernando Muslera,,,,,,
,,,,,,,,,,,,,,,,,,,,
283,2016-08-20,La Liga,Matchweek 1,Home,Barcelona,Betis,Y*,,,,,57,4-1,Antonio Adán,Arda Turan,,,,,
284,2016-08-20,La Liga,Matchweek 1,Home,Barcelona,Betis,Y*,,,,,37,1-1,Antonio Adán,Sergi Roberto,,,,,
285,2016-08-17,Supercopa de España,Supercopa de España,Home,Barcelona,Sevilla,Y*,,,,,55,2-0,Sergio Rico,Lucas Digne,,,,,
,,,,,,,,,,,,,,,,,,,,
286,2016-06-21,Copa América Centenario,Semi-finals,Away,Argentina,United States,Y*,,,,,32,1-0,Brad Guzan,,,,,,
287,2016-06-18,Copa América Centenario,Quarter-finals,Home,Argentina,Venezuela,Y*,,,,,60,2-0,Dani Hernández,Nicolás Gaitán,,,,,
288,2016-06-10,Copa América Centenario,Group stage,Home,Argentina,Panama,N,,,,,87,3-0,Jaime Penedo,Marcos Rojo,,,,,
289,2016-06-10,Copa América Centenario,Group stage,Home,Argentina,Panama,N,,,,,78,2-0,Jaime Penedo,,,,,,
290,2016-06-10,Copa América Centenario,Group stage,Home,Argentina,Panama,N,,,,,68,1-0,Jaime Penedo,Gonzalo Higuaín,,,,,
,,,,,,,,,,,,,,,,,,,,
291,2016-05-08,La Liga,Matchweek 37,Home,Barcelona,Espanyol,Y,,,,,8,0-0,Pau López,,,,,,
292,2016-04-23,La Liga,Matchweek 35,Home,Barcelona,Sporting Gijón,Y,,,,,12,0-0,Iván Cuéllar,,,,,,
293,2016-04-20,La Liga,Matchweek 34,Away,Barcelona,La Coruña,Y,,,,,73,5-0,Manu,Luis Suárez,,,,,
294,2016-04-17,La Liga,Matchweek 33,Home,Barcelona,Valencia,Y,,,,,63,0-2,Diego Alves,Jordi Alba,,,,,
,,,,,,,,,,,,,,,,,,,,
295,2016-03-29,WCQ,WCQ — CONMEBOL (M),Home,Argentina,Bolivia,Y,,,,,30,1-0,Carlos Lampe,,,,,,
,,,,,,,,,,,,,,,,,,,,
296,2016-03-16,Champions Lg,Round of 16,Home,Barcelona,Arsenal,Y,,,,,88,2-1,David Ospina,,,,,,
297,2016-03-12,La Liga,Matchweek 29,Home,Barcelona,Getafe,Y,,,,,40,3-0,Vicente Guaita,Arda Turan,,,,,
298,2016-03-06,La Liga,Matchweek 28,Away,Barcelona,Eibar,Y*,,,,,76,2-0,Asier Riesgo,,,,,,
299,2016-03-06,La Liga,Matchweek 28,Away,Barcelona,Eibar,Y*,,,,,41,1-0,Asier Riesgo,Munir El Haddadi,,,,,
300,2016-03-03,La Liga,Matchweek 27,Away,Barcelona,Rayo Vallecano,Y,,,,,72,3-1,Juan Carlos,Sergio Busquets,,,,,
301,2016-03-03,La Liga,Matchweek 27,Away,Barcelona,Rayo Vallecano,Y,,,,,53,2-0,Juan Carlos,,,,,,
302,2016-03-03,La Liga,Matchweek 27,Away,Barcelona,Rayo Vallecano,Y,,,,,23,1-0,Juan Carlos,Neymar,,,,,
303,2016-02-28,La Liga,Matchweek 26,Home,Barcelona,Sevilla,Y*,,,,,31,0-1,Sergio Rico,,,,,,
304,2016-02-23,Champions Lg,Round of 16,Away,Barcelona,Arsenal,Y,,,,,83,1-0,Petr Čech,,,,,,
305,2016-02-23,Champions Lg,Round of 16,Away,Barcelona,Arsenal,Y,,,,,71,0-0,Petr Čech,Neymar,,,,,
306,2016-02-17,La Liga,Matchweek 16,Away,Barcelona,Sporting Gijón,Y*,,,,,31,1-1,Iván Cuéllar,Luis Suárez,,,,,
307,2016-02-17,La Liga,Matchweek 16,Away,Barcelona,Sporting Gijón,Y*,,,,,25,0-0,Iván Cuéllar,Luis Suárez,,,,,
308,2016-02-14,La Liga,Matchweek 24,Home,Barcelona,Celta Vigo,Y,,,,,28,0-0,Sergio Álvarez,,,,,,
309,2016-02-03,Copa del Rey,Semi-finals,Home,Barcelona,Valencia,Y,,,,,74,4-0,Mathew Ryan,,,,,,
310,2016-02-03,Copa del Rey,Semi-finals,Home,Barcelona,Valencia,Y,,,,,59,3-0,Mathew Ryan,Luis Suárez,,,,,
311,2016-02-03,Copa del Rey,Semi-finals,Home,Barcelona,Valencia,Y,,,,,29,2-0,Mathew Ryan,Neymar,,,,,
312,2016-01-30,La Liga,Matchweek 22,Home,Barcelona,Atlético Madrid,Y,,,,,30,0-1,Jan Oblak,Jordi Alba,,,,,
313,2016-01-23,La Liga,Matchweek 21,Away,Barcelona,Málaga,Y,,,,,51,1-1,Carlos Kameni,Adriano,,,,,
314,2016-01-17,La Liga,Matchweek 20,Home,Barcelona,Athletic Club,Y,,,,,7,0-0,Iago Herrerín,,,,,,
315,2016-01-09,La Liga,Matchweek 19,Home,Barcelona,Granada,Y*,,,,,58,2-0,Andrés Fernández,,,,,,
316,2016-01-09,La Liga,Matchweek 19,Home,Barcelona,Granada,Y*,,,,,14,1-0,Andrés Fernández,Luis Suárez,,,,,
317,2016-01-09,La Liga,Matchweek 19,Home,Barcelona,Granada,Y*,,,,,8,0-0,Andrés Fernández,Arda Turan,,,,,
318,2016-01-06,Copa del Rey,Round of 16,Home,Barcelona,Espanyol,Y,,,,,44,1-1,Pau López,,,,,,
319,2016-01-06,Copa del Rey,Round of 16,Home,Barcelona,Espanyol,Y,,,,,13,0-1,Pau López,,,,,,
320,2015-12-30,La Liga,Matchweek 17,Home,Barcelona,Betis,Y*,,,,,33,1-0,Antonio Adán,Neymar,,,,,
321,2015-12-12,La Liga,Matchweek 15,Home,Barcelona,La Coruña,Y,,,,,39,0-0,Germán Lux,,,,,,
322,2015-12-09,Champions Lg,Group stage,Away,Barcelona,Leverkusen,Y*,,,,,20,0-0,Bernd Leno,Ivan Rakitić,,,,,
323,2015-11-28,La Liga,Matchweek 13,Home,Barcelona,Real Sociedad,Y,,,,,90+1,3-0,Gerónimo Rulli,Neymar,,,,,
324,2015-11-24,Champions Lg,Group stage,Home,Barcelona,Roma,Y*,,,,,59,4-0,Wojciech Szczęsny,,,,,,
325,2015-11-24,Champions Lg,Group stage,Home,Barcelona,Roma,Y*,,,,,18,1-0,Wojciech Szczęsny,Luis Suárez,,,,,
326,2015-09-20,La Liga,Matchweek 4,Home,Barcelona,Levante,Y*,,,,,90,3-1,Rubén,Marc Bartra,,,,,
327,2015-09-20,La Liga,Matchweek 4,Home,Barcelona,Levante,Y*,,,,,61,2-0,Rubén,,,,,,
328,2015-09-12,La Liga,Matchweek 3,Away,Barcelona,Atlético Madrid,N,,,,,77,1-1,Jan Oblak,Luis Suárez,,,,,
,,,,,,,,,,,,,,,,,,,,
329,2015-09-08,Friendlies (M),Friendlies (M),Home,Argentina,Mexico,Y,,,,,89,1-2,Moisés Muñoz,Sergio Agüero,,,,,
330,2015-09-04,Friendlies (M),Friendlies (M),Home,Argentina,Bolivia,N,,,,,75,5-0,Daniel Vaca,Sergio Agüero,,,,,
331,2015-09-04,Friendlies (M),Friendlies (M),Home,Argentina,Bolivia,N,,,,,67,4-0,Daniel Vaca,Milton Casco,,,,,
,,,,,,,,,,,,,,,,,,,,
332,2015-08-17,Supercopa de España,Supercopa de España,Home,Barcelona,Athletic Club,Y,,,,,43,0-0,Gorka Iraizoz,Luis Suárez,,,,,
333,2015-08-11,Super Cup,UEFA Super Cup,Home,Barcelona,Sevilla,Y,,,,,15,1-1,Beto,,,,,,
334,2015-08-11,Super Cup,UEFA Super Cup,Home,Barcelona,Sevilla,Y,,,,,7,0-1,Beto,,,,,,
,,,,,,,,,,,,,,,,,,,,
335,2015-06-13,Copa América,Group stage,Neutral,Argentina,Paraguay,Y*,,,,,36,1-0,Antony Silva,,,,,,
,,,,,,,,,,,,,,,,,,,,
336,2015-05-30,Copa del Rey,Final,Away,Barcelona,Athletic Club,Y,,,,,74,2-0,Iago Herrerín,Dani Alves,,,,,
337,2015-05-30,Copa del Rey,Final,Away,Barcelona,Athletic Club,Y,,,,,20,0-0,Iago Herrerín,Dani Alves,,,,,
338,2015-05-23,La Liga,Matchweek 38,Home,Barcelona,La Coruña,Y,,,,,59,1-0,Fabricio,Neymar,,,,,
339,2015-05-23,La Liga,Matchweek 38,Home,Barcelona,La Coruña,Y,,,,,5,0-0,Fabricio,Rafinha,,,,,
340,2015-05-17,La Liga,Matchweek 37,Away,Barcelona,Atlético Madrid,Y,,,,,65,0-0,Jan Oblak,Pedro,,,,,
341,2015-05-06,Champions Lg,Semi-finals,Home,Barcelona,Bayern Munich,Y,,,,,80,1-0,Manuel Neuer,Ivan Rakitić,,,,,
342,2015-05-06,Champions Lg,Semi-finals,Home,Barcelona,Bayern Munich,Y,,,,,77,0-0,Manuel Neuer,Dani Alves,,,,,
343,2015-05-02,La Liga,Matchweek 35,Away,Barcelona,Córdoba,Y,,,,,80,5-0,Juan Carlos,Luis Suárez,,,,,
344,2015-05-02,La Liga,Matchweek 35,Away,Barcelona,Córdoba,Y,,,,,46,2-0,Juan Carlos,Dani Alves,,,,,
345,2015-04-28,La Liga,Matchweek 34,Home,Barcelona,Getafe,Y,,,,,47,5-0,Vicente Guaita,,,,,,
346,2015-04-28,La Liga,Matchweek 34,Home,Barcelona,Getafe,Y,,,,,9,0-0,Vicente Guaita,,,,,,
347,2015-04-25,La Liga,Matchweek 33,Away,Barcelona,Espanyol,Y,,,,,25,1-0,Kiko Casilla,Luis Suárez,,,,,
348,2015-04-18,La Liga,Matchweek 32,Home,Barcelona,Valencia,Y,,,,,90+4,1-0,Diego Alves,,,,,,
349,2015-04-11,La Liga,Matchweek 31,Away,Barcelona,Sevilla,Y,,,,,14,0-0,Sergio Rico,Neymar,,,,,
350,2015-04-08,La Liga,Matchweek 30,Home,Barcelona,Almería,Y,,,,,33,0-0,Julián Cuesta,Marc Bartra,,,,,
351,2015-03-14,La Liga,Matchweek 27,Away,Barcelona,Eibar,Y,,,,,55,1-0,Jaime,Ivan Rakitić,,,,,
352,2015-03-14,La Liga,Matchweek 27,Away,Barcelona,Eibar,Y,,,,,31,0-0,Jaime,,,,,,
353,2015-03-08,La Liga,Matchweek 26,Home,Barcelona,Rayo Vallecano,Y,,,,,68,4-0,Cristian Álvarez,Pedro,,,,,
354,2015-03-08,La Liga,Matchweek 26,Home,Barcelona,Rayo Vallecano,Y,,,,,63,3-0,Cristian Álvarez,,,,,,
355,2015-03-08,La Liga,Matchweek 26,Home,Barcelona,Rayo Vallecano,Y,,,,,56,2-0,Cristian Álvarez,,,,,,
356,2015-02-28,La Liga,Matchweek 25,Away,Barcelona,Granada,Y,,,,,70,2-1,Oier Olazábal,Luis Suárez,,,,,
357,2015-02-15,La Liga,Matchweek 23,Home,Barcelona,Levante,Y,,,,,65,3-0,Diego Mariño,,,,,,
358,2015-02-15,La Liga,Matchweek 23,Home,Barcelona,Levante,Y,,,,,60,2-0,Diego Mariño,Pedro,,,,,
359,2015-02-15,La Liga,Matchweek 23,Home,Barcelona,Levante,Y,,,,,38,1-0,Diego Mariño,Marc Bartra,,,,,
360,2015-02-11,Copa del Rey,Semi-finals,Home,Barcelona,Villarreal,Y,,,,,41,0-0,Sergio Asenjo,Luis Suárez,,,,,
361,2015-02-08,La Liga,Matchweek 22,Away,Barcelona,Athletic Club,Y,,,,,15,0-0,Gorka Iraizoz,,,,,,
362,2015-02-01,La Liga,Matchweek 21,Home,Barcelona,Villarreal,Y,,,,,55,2-2,Sergio Asenjo,Luis Suárez,,,,,
363,2015-01-24,La Liga,Matchweek 20,Away,Barcelona,Elche,Y,,,,,88,4-0,Przemysław Tytoń,Marc Bartra,,,,,
364,2015-01-24,La Liga,Matchweek 20,Away,Barcelona,Elche,Y,,,,,55,1-0,Przemysław Tytoń,,,,,,
365,2015-01-21,Copa del Rey,Quarter-finals,Home,Barcelona,Atlético Madrid,Y,,,,,85,0-0,Jan Oblak,,,,,,
366,2015-01-18,La Liga,Matchweek 19,Away,Barcelona,La Coruña,Y,,,,,62,2-0,Fabricio,,,,,,
367,2015-01-18,La Liga,Matchweek 19,Away,Barcelona,La Coruña,Y,,,,,33,1-0,Fabricio,Luis Suárez,,,,,
368,2015-01-18,La Liga,Matchweek 19,Away,Barcelona,La Coruña,Y,,,,,11,0-0,Fabricio,Ivan Rakitić,,,,,
369,2015-01-11,La Liga,Matchweek 18,Home,Barcelona,Atlético Madrid,Y,,,,,87,2-1,Miguel Ángel Moyá,,,,,,
370,2015-01-08,Copa del Rey,Round of 16,Home,Barcelona,Elche,Y,,,,,45,2-0,Przemysław Tytoń,,,,,,
371,2014-12-20,La Liga,Matchweek 16,Home,Barcelona,Córdoba,Y,,,,,90+2,4-0,Juan Carlos,,,,,,
372,2014-12-20,La Liga,Matchweek 16,Home,Barcelona,Córdoba,Y,,,,,82,3-0,Juan Carlos,,,,,,
373,2014-12-10,Champions Lg,Group stage,Home,Barcelona,Paris S-G,Y,,,,,19,0-1,,Luis Suárez,,,,,
374,2014-12-07,La Liga,Matchweek 14,Home,Barcelona,Espanyol,Y,,,,,81,4-1,Kiko Casilla,Pedro,,,,,
375,2014-12-07,La Liga,Matchweek 14,Home,Barcelona,Espanyol,Y,,,,,50,1-1,Kiko Casilla,Luis Suárez,,,,,
376,2014-12-07,La Liga,Matchweek 14,Home,Barcelona,Espanyol,Y,,,,,45+1,0-1,Kiko Casilla,Xavi,,,,,
377,2014-11-25,Champions Lg,Group stage,Away,Barcelona,APOEL FC,Y,,,,,87,3-0,Urko Pardo,Pedro,,,,,
378,2014-11-25,Champions Lg,Group stage,Away,Barcelona,APOEL FC,Y,,,,,58,2-0,Urko Pardo,Dani Alves,,,,,
379,2014-11-25,Champions Lg,Group stage,Away,Barcelona,APOEL FC,Y,,,,,38,1-0,Urko Pardo,Rafinha,,,,,
380,2014-11-22,La Liga,Matchweek 12,Home,Barcelona,Sevilla,Y,,,,,78,4-1,Beto,Neymar,,,,,
381,2014-11-22,La Liga,Matchweek 12,Home,Barcelona,Sevilla,Y,,,,,72,3-1,Beto,Luis Suárez,,,,,
382,2014-11-22,La Liga,Matchweek 12,Home,Barcelona,Sevilla,Y,,,,,21,0-0,Beto,,,,,,
,,,,,,,,,,,,,,,,,,,,
383,2014-11-12,Friendlies (M),Friendlies (M),Home,Argentina,Croatia,Y*,,,,,57,1-1,Lovre Kalinić,,,,,,
,,,,,,,,,,,,,,,,,,,,
384,2014-11-05,Champions Lg,Group stage,Away,Barcelona,Ajax,Y,,,,,76,1-0,Jasper Cillessen,Pedro,,,,,
385,2014-11-05,Champions Lg,Group stage,Away,Barcelona,Ajax,Y,,,,,36,0-0,Jasper Cillessen,Marc Bartra,,,,,
386,2014-10-21,Champions Lg,Group stage,Home,Barcelona,Ajax,Y,,,,,24,1-0,Jasper Cillessen,Andrés Iniesta,,,,,
387,2014-10-18,La Liga,Matchweek 8,Home,Barcelona,Eibar,Y,,,,,74,2-0,Xabi Irureta,Neymar,,,,,
,,,,,,,,,,,,,,,,,,,,
388,2014-10-14,Friendlies (M),Friendlies (M),Away,Argentina,Hong Kong,N,,,,,85,6-0,Yapp Hung Fai,,,,,,
389,2014-10-14,Friendlies (M),Friendlies (M),Away,Argentina,Hong Kong,N,,,,,66,4-0,Yapp Hung Fai,Éver Banega,,,,,
,,,,,,,,,,,,,,,,,,,,
390,2014-10-04,La Liga,Matchweek 7,Away,Barcelona,Rayo Vallecano,Y,,,,,35,0-0,Toño,Gerard Piqué,,,,,
391,2014-09-30,Champions Lg,Group stage,Away,Barcelona,Paris S-G,Y,,,,,11,0-1,Salvatore Sirigu,Andrés Iniesta,,,,,
392,2014-09-27,La Liga,Matchweek 6,Home,Barcelona,Granada,Y,,,,,82,5-0,Roberto,,,,,,
393,2014-09-27,La Liga,Matchweek 6,Home,Barcelona,Granada,Y,,,,,62,3-0,Roberto,Dani Alves,,,,,
394,2014-09-21,La Liga,Matchweek 4,Away,Barcelona,Levante,Y,,,,,77,4-0,Jesús,,,,,,
395,2014-08-24,La Liga,Matchweek 1,Home,Barcelona,Elche,Y,,,,,64,2-0,Przemysław Tytoń,,,,,,
396,2014-08-24,La Liga,Matchweek 1,Home,Barcelona,Elche,Y,,,,,42,0-0,Przemysław Tytoń,Sergio Busquets,,,,,
,,,,,,,,,,,,,,,,,,,,
397,2014-06-25,FIFA World Cup,Group stage,Neutral,Argentina,Nigeria,Y,,,,,45+1,1-1,Vincent Enyeama,,,,,,
398,2014-06-25,FIFA World Cup,Group stage,Neutral,Argentina,Nigeria,Y,,,,,3,0-0,Vincent Enyeama,,,,,,
399,2014-06-21,FIFA World Cup,Group stage,Neutral,Argentina,IR Iran,Y,,,,,90+1,0-0,Alireza Haghighi,,,,,,
400,2014-06-15,FIFA World Cup,Group stage,Neutral,Argentina,Bosnia & Herz'na,Y,,,,,65,1-0,Asmir Begović,Gonzalo Higuaín,,,,,
,,,,,,,,,,,,,,,,,,,,
401,2014-05-03,La Liga,Matchweek 36,Home,Barcelona,Getafe,Y,,,,,22,0-0,Júlio César,,,,,,
402,2014-04-27,La Liga,Matchweek 35,Away,Barcelona,Villarreal,Y,,,,,82,2-2,Sergio Asenjo,,,,,,
403,2014-04-20,La Liga,Matchweek 34,Home,Barcelona,Athletic Club,Y,,,,,74,1-1,Gorka Iraizoz,,,,,,
404,2014-04-05,La Liga,Matchweek 32,Home,Barcelona,Betis,Y,,,,,85,2-1,Antonio Adán,,,,,,
405,2014-04-05,La Liga,Matchweek 32,Home,Barcelona,Betis,Y,,,,,14,0-0,Antonio Adán,,,,,,
406,2014-03-29,La Liga,Matchweek 31,Away,Barcelona,Espanyol,Y,,,,,77,0-0,Kiko Casilla,,,,,,
407,2014-03-26,La Liga,Matchweek 30,Home,Barcelona,Celta Vigo,Y,,,,,44,1-0,Yoel,,,,,,
408,2014-03-23,La Liga,Matchweek 29,Away,Barcelona,Real Madrid,Y,,,,,84,3-3,Diego López,,,,,,
409,2014-03-23,La Liga,Matchweek 29,Away,Barcelona,Real Madrid,Y,,,,,64,2-3,Diego López,,,,,,
410,2014-03-23,La Liga,Matchweek 29,Away,Barcelona,Real Madrid,Y,,,,,42,1-2,Diego López,,,,,,
411,2014-03-16,La Liga,Matchweek 28,Home,Barcelona,Osasuna,Y,,,,,87,5-0,Andrés Fernández,,,,,,
412,2014-03-16,La Liga,Matchweek 28,Home,Barcelona,Osasuna,Y,,,,,62,3-0,Andrés Fernández,,,,,,
413,2014-03-16,La Liga,Matchweek 28,Home,Barcelona,Osasuna,Y,,,,,17,0-0,Andrés Fernández,,,,,,
414,2014-03-12,Champions Lg,Round of 16,Home,Barcelona,Manchester City,Y,,,,,67,0-0,,,,,,,
415,2014-03-02,La Liga,Matchweek 26,Home,Barcelona,Almería,Y,,,,,23,1-0,Esteban,,,,,,
416,2014-02-22,La Liga,Matchweek 25,Away,Barcelona,Real Sociedad,Y,,,,,35,0-1,Claudio Bravo,,,,,,
417,2014-02-18,Champions Lg,Round of 16,Away,Barcelona,Manchester City,Y,,,,,54,0-0,,,,,,,
418,2014-02-15,La Liga,Matchweek 24,Home,Barcelona,Rayo Vallecano,Y,,,,,67,4-0,Rubén,,,,,,
419,2014-02-15,La Liga,Matchweek 24,Home,Barcelona,Rayo Vallecano,Y,,,,,35,1-0,Rubén,,,,,,
420,2014-02-09,La Liga,Matchweek 23,Away,Barcelona,Sevilla,Y,,,,,55,2-1,Beto,,,,,,
421,2014-02-09,La Liga,Matchweek 23,Away,Barcelona,Sevilla,Y,,,,,43,1-1,Beto,,,,,,
422,2014-02-01,La Liga,Matchweek 22,Home,Barcelona,Valencia,Y,,,,,53,1-2,Diego Alves,,,,,,
423,2013-11-06,Champions Lg,Group stage,Home,Barcelona,Milan,Y,,,,,83,2-1,,,,,,,
424,2013-11-06,Champions Lg,Group stage,Home,Barcelona,Milan,Y,,,,,30,0-0,,,,,,,
425,2013-10-22,Champions Lg,Group stage,Away,Barcelona,Milan,Y,,,,,23,0-1,,,,,,,
426,2013-09-28,La Liga,Matchweek 7,Away,Barcelona,Almería,Y,,,,,20,0-0,Esteban,,,,,,
427,2013-09-24,La Liga,Matchweek 6,Home,Barcelona,Real Sociedad,Y,,,,,7,1-0,Claudio Bravo,,,,,,
428,2013-09-18,Champions Lg,Group stage,Home,Barcelona,Ajax,Y,,,,,75,3-0,,,,,,,
429,2013-09-18,Champions Lg,Group stage,Home,Barcelona,Ajax,Y,,,,,55,1-0,,,,,,,
430,2013-09-18,Champions Lg,Group stage,Home,Barcelona,Ajax,Y,,,,,22,0-0,,,,,,,
431,2013-09-14,La Liga,Matchweek 4,Home,Barcelona,Sevilla,Y,,,,,74,1-0,Beto,,,,,,
,,,,,,,,,,,,,,,,,,,,
432,2013-09-10,WCQ,WCQ — CONMEBOL (M),Away,Argentina,Paraguay,Y*,,,,,52,3-1,Gatito Fernández,,,,,,
433,2013-09-10,WCQ,WCQ — CONMEBOL (M),Away,Argentina,Paraguay,Y*,,,,,12,0-0,Gatito Fernández,,,,,,
,,,,,,,,,,,,,,,,,,,,
434,2013-09-01,La Liga,Matchweek 3,Away,Barcelona,Valencia,Y,,,,,41,2-0,Diego Alves,,,,,,
435,2013-09-01,La Liga,Matchweek 3,Away,Barcelona,Valencia,Y,,,,,39,1-0,Diego Alves,,,,,,
436,2013-09-01,La Liga,Matchweek 3,Away,Barcelona,Valencia,Y,,,,,11,0-0,Diego Alves,,,,,,
437,2013-08-18,La Liga,Matchweek 1,Home,Barcelona,Levante,Y,,,,,41,4-0,Keylor Navas,,,,,,
438,2013-08-18,La Liga,Matchweek 1,Home,Barcelona,Levante,Y,,,,,12,1-0,Keylor Navas,,,,,,
439,2013-05-05,La Liga,Matchweek 34,Home,Barcelona,Betis,N,,,,,71,3-2,Adrián,,,,,,
440,2013-05-05,La Liga,Matchweek 34,Home,Barcelona,Betis,N,,,,,60,2-2,Adrián,,,,,,
441,2013-04-27,La Liga,Matchweek 33,Away,Barcelona,Athletic Club,N,,,,,60,0-1,Gorka Iraizoz,,,,,,
442,2013-04-02,Champions Lg,Quarter-finals,Away,Barcelona,Paris S-G,Y,,,,,38,0-0,,,,,,,
443,2013-03-30,La Liga,Matchweek 29,Away,Barcelona,Celta Vigo,Y,,,,,72,1-1,Javi Varas,,,,,,
,,,,,,,,,,,,,,,,,,,,
444,2013-03-22,WCQ,WCQ — CONMEBOL (M),Home,Argentina,Venezuela,Y*,,,,,43,1-0,Dani Hernández,,,,,,
,,,,,,,,,,,,,,,,,,,,
445,2013-03-17,La Liga,Matchweek 28,Home,Barcelona,Rayo Vallecano,Y,,,,,57,2-0,Rubén,,,,,,
446,2013-03-17,La Liga,Matchweek 28,Home,Barcelona,Rayo Vallecano,Y,,,,,40,1-0,Rubén,,,,,,
447,2013-03-12,Champions Lg,Round of 16,Home,Barcelona,Milan,Y,,,,,40,1-0,,,,,,,
448,2013-03-12,Champions Lg,Round of 16,Home,Barcelona,Milan,Y,,,,,5,0-0,,,,,,,
449,2013-03-09,La Liga,Matchweek 27,Home,Barcelona,La Coruña,N,,,,,87,1-0,Daniel Aranzubia,,,,,,
450,2013-03-02,La Liga,Matchweek 26,Away,Barcelona,Real Madrid,Y,,,,,18,0-1,Diego López,,,,,,
451,2013-02-23,La Liga,Matchweek 25,Home,Barcelona,Sevilla,Y,,,,,59,1-1,Beto,,,,,,
452,2013-02-16,La Liga,Matchweek 24,Away,Barcelona,Granada,Y,,,,,72,1-1,Toño,,,,,,
453,2013-02-16,La Liga,Matchweek 24,Away,Barcelona,Granada,Y,,,,,49,0-1,Toño,,,,,,
454,2013-02-10,La Liga,Matchweek 23,Home,Barcelona,Getafe,Y,,,,,13,1-0,Jordi Codina,,,,,,
455,2013-02-03,La Liga,Matchweek 22,Away,Barcelona,Valencia,Y,,,,,39,0-1,Vicente Guaita,,,,,,
456,2013-01-27,La Liga,Matchweek 21,Home,Barcelona,Osasuna,Y,,,,,57,4-1,Andrés Fernández,,,,,,
457,2013-01-27,La Liga,Matchweek 21,Home,Barcelona,Osasuna,Y,,,,,55,3-1,Andrés Fernández,,,,,,
458,2013-01-27,La Liga,Matchweek 21,Home,Barcelona,Osasuna,Y,,,,,28,1-1,Andrés Fernández,,,,,,
459,2013-01-27,La Liga,Matchweek 21,Home,Barcelona,Osasuna,Y,,,,,10,0-0,Andrés Fernández,,,,,,
460,2013-01-19,La Liga,Matchweek 20,Away,Barcelona,Real Sociedad,Y,,,,,6,0-0,Claudio Bravo,,,,,,
461,2013-01-13,La Liga,Matchweek 19,Away,Barcelona,Málaga,Y,,,,,26,0-0,Willy Caballero,,,,,,
462,2013-01-06,La Liga,Matchweek 18,Home,Barcelona,Espanyol,Y,,,,,28,3-0,Kiko Casilla,,,,,,
463,2012-12-22,La Liga,Matchweek 17,Away,Barcelona,Valladolid,Y,,,,,59,1-0,Dani Hernández,,,,,,
464,2012-12-16,La Liga,Matchweek 16,Home,Barcelona,Atlético Madrid,Y,,,,,87,3-1,Thibaut Courtois,,,,,,
465,2012-12-16,La Liga,Matchweek 16,Home,Barcelona,Atlético Madrid,Y,,,,,57,2-1,Thibaut Courtois,,,,,,
466,2012-12-09,La Liga,Matchweek 15,Away,Barcelona,Betis,Y,,,,,25,1-0,Adrián,,,,,,
467,2012-12-09,La Liga,Matchweek 15,Away,Barcelona,Betis,Y,,,,,16,0-0,Adrián,,,,,,
468,2012-12-01,La Liga,Matchweek 14,Home,Barcelona,Athletic Club,Y,,,,,69,4-1,Gorka Iraizoz,,,,,,
469,2012-12-01,La Liga,Matchweek 14,Home,Barcelona,Athletic Club,Y,,,,,24,1-0,Gorka Iraizoz,,,,,,
470,2012-11-25,La Liga,Matchweek 13,Away,Barcelona,Levante,Y,,,,,51,1-0,Gustavo Munúa,,,,,,
471,2012-11-25,La Liga,Matchweek 13,Away,Barcelona,Levante,Y,,,,,46,0-0,Gustavo Munúa,,,,,,
472,2012-11-20,Champions Lg,Group stage,Away,Barcelona,Spartak Moscow,Y,,,,,39,2-0,,,,,,,
473,2012-11-20,Champions Lg,Group stage,Away,Barcelona,Spartak Moscow,Y,,,,,27,1-0,,,,,,,
474,2012-11-17,La Liga,Matchweek 12,Home,Barcelona,Zaragoza,Y,,,,,60,2-1,Roberto,,,,,,
475,2012-11-17,La Liga,Matchweek 12,Home,Barcelona,Zaragoza,Y,,,,,15,0-0,Roberto,,,,,,
476,2012-11-11,La Liga,Matchweek 11,Away,Barcelona,Mallorca,Y,,,,,70,3-2,Dudu Aouate,,,,,,
477,2012-11-11,La Liga,Matchweek 11,Away,Barcelona,Mallorca,Y,,,,,43,1-0,Dudu Aouate,,,,,,
478,2012-11-07,Champions Lg,Group stage,Away,Barcelona,Celtic,Y,,,,,90+1,0-2,,,,,,,
479,2012-10-27,La Liga,Matchweek 9,Away,Barcelona,Rayo Vallecano,Y,,,,,87,4-0,Rubén,,,,,,
480,2012-10-27,La Liga,Matchweek 9,Away,Barcelona,Rayo Vallecano,Y,,,,,47,1-0,Rubén,,,,,,
481,2012-10-20,La Liga,Matchweek 8,Away,Barcelona,La Coruña,Y,,,,,76,4-3,Daniel Aranzubia,,,,,,
482,2012-10-20,La Liga,Matchweek 8,Away,Barcelona,La Coruña,Y,,,,,43,3-2,Daniel Aranzubia,,,,,,
483,2012-10-20,La Liga,Matchweek 8,Away,Barcelona,La Coruña,Y,,,,,17,2-0,Daniel Aranzubia,,,,,,
,,,,,,,,,,,,,,,,,,,,
484,2012-10-16,WCQ,WCQ — CONMEBOL (M),Away,Argentina,Chile,Y*,,,,,28,0-0,Miguel Pinto,,,,,,
485,2012-10-12,WCQ,WCQ — CONMEBOL (M),Home,Argentina,Uruguay,Y*,,,,,79,2-0,Fernando Muslera,,,,,,
486,2012-10-12,WCQ,WCQ — CONMEBOL (M),Home,Argentina,Uruguay,Y*,,,,,65,0-0,Fernando Muslera,,,,,,
,,,,,,,,,,,,,,,,,,,,
487,2012-10-07,La Liga,Matchweek 7,Home,Barcelona,Real Madrid,Y,,,,,60,1-1,Iker Casillas,,,,,,
488,2012-10-07,La Liga,Matchweek 7,Home,Barcelona,Real Madrid,Y,,,,,31,0-1,Iker Casillas,,,,,,
489,2012-09-19,Champions Lg,Group stage,Home,Barcelona,Spartak Moscow,Y,,,,,80,2-2,,,,,,,
490,2012-09-19,Champions Lg,Group stage,Home,Barcelona,Spartak Moscow,Y,,,,,72,1-2,,,,,,,
491,2012-09-15,La Liga,Matchweek 4,Away,Barcelona,Getafe,N,,,,,78,2-0,Miguel Ángel Moyá,,,,,,
492,2012-09-15,La Liga,Matchweek 4,Away,Barcelona,Getafe,N,,,,,74,1-0,Miguel Ángel Moyá,,,,,,
,,,,,,,,,,,,,,,,,,,,
493,2012-09-07,WCQ,WCQ — CONMEBOL (M),Home,Argentina,Paraguay,Y*,,,,,63,2-1,Justo Villar,,,,,,
,,,,,,,,,,,,,,,,,,,,
494,2012-08-26,La Liga,Matchweek 2,Away,Barcelona,Osasuna,Y,,,,,79,1-1,Andrés Fernández,,,,,,
495,2012-08-26,La Liga,Matchweek 2,Away,Barcelona,Osasuna,Y,,,,,74,0-1,Andrés Fernández,,,,,,
496,2012-08-19,La Liga,Matchweek 1,Home,Barcelona,Real Sociedad,Y,,,,,15,2-1,Claudio Bravo,,,,,,
497,2012-08-19,La Liga,Matchweek 1,Home,Barcelona,Real Sociedad,Y,,,,,10,1-1,Claudio Bravo,,,,,,
,,,,,,,,,,,,,,,,,,,,
498,2012-06-02,WCQ,WCQ — CONMEBOL (M),Home,Argentina,Ecuador,Y*,,,,,31,2-0,Alexander Domínguez,,,,,,
,,,,,,,,,,,,,,,,,,,,
499,2012-05-05,La Liga,Matchweek 37,Home,Barcelona,Espanyol,Y,,,,,78,3-0,Cristian Álvarez,,,,,,
500,2012-05-05,La Liga,Matchweek 37,Home,Barcelona,Espanyol,Y,,,,,73,2-0,Cristian Álvarez,,,,,,
501,2012-05-05,La Liga,Matchweek 37,Home,Barcelona,Espanyol,Y,,,,,63,1-0,Cristian Álvarez,,,,,,
502,2012-05-05,La Liga,Matchweek 37,Home,Barcelona,Espanyol,Y,,,,,11,0-0,Cristian Álvarez,,,,,,
503,2012-05-02,La Liga,Matchweek 20,Home,Barcelona,Málaga,Y,,,,,63,3-1,Carlos Kameni,,,,,,
504,2012-05-02,La Liga,Matchweek 20,Home,Barcelona,Málaga,Y,,,,,60,2-1,Carlos Kameni,,,,,,
505,2012-05-02,La Liga,Matchweek 20,Home,Barcelona,Málaga,Y,,,,,34,1-1,Carlos Kameni,,,,,,
506,2012-04-29,La Liga,Matchweek 36,Away,Barcelona,Rayo Vallecano,Y,,,,,88,6-0,David Cobeño,,,,,,
507,2012-04-29,La Liga,Matchweek 36,Away,Barcelona,Rayo Vallecano,Y,,,,,16,0-0,David Cobeño,,,,,,
508,2012-04-14,La Liga,Matchweek 34,Away,Barcelona,Levante,Y,,,,,73,1-1,Gustavo Munúa,,,,,,
509,2012-04-14,La Liga,Matchweek 34,Away,Barcelona,Levante,Y,,,,,64,0-1,Gustavo Munúa,,,,,,
510,2012-04-10,La Liga,Matchweek 33,Home,Barcelona,Getafe,Y,,,,,44,1-0,Miguel Ángel Moyá,,,,,,
511,2012-04-07,La Liga,Matchweek 32,Away,Barcelona,Zaragoza,Y,,,,,84,2-1,Roberto,,,,,,
512,2012-04-07,La Liga,Matchweek 32,Away,Barcelona,Zaragoza,Y,,,,,38,1-1,Roberto,,,,,,
513,2012-04-03,Champions Lg,Quarter-finals,Home,Barcelona,Milan,Y,,,,,41,1-1,,,,,,,
514,2012-04-03,Champions Lg,Quarter-finals,Home,Barcelona,Milan,Y,,,,,11,0-0,,,,,,,
515,2012-03-31,La Liga,Matchweek 31,Home,Barcelona,Athletic Club,Y,,,,,57,1-0,Gorka Iraizoz,,,,,,
516,2012-03-24,La Liga,Matchweek 30,Away,Barcelona,Mallorca,Y,,,,,25,0-0,Dudu Aouate,,,,,,
517,2012-03-20,La Liga,Matchweek 29,Home,Barcelona,Granada,Y,,,,,85,4-2,Júlio César,,,,,,
518,2012-03-20,La Liga,Matchweek 29,Home,Barcelona,Granada,Y,,,,,66,2-2,Júlio César,,,,,,
519,2012-03-20,La Liga,Matchweek 29,Home,Barcelona,Granada,Y,,,,,16,1-0,Júlio César,,,,,,
520,2012-03-17,La Liga,Matchweek 28,Away,Barcelona,Sevilla,Y,,,,,24,1-0,Andrés Palop,,,,,,
521,2012-03-11,La Liga,Matchweek 27,Away,Barcelona,Racing Sant,Y,,,,,55,1-0,Mario Fernández,,,,,,
522,2012-03-11,La Liga,Matchweek 27,Away,Barcelona,Racing Sant,Y,,,,,28,0-0,Mario Fernández,,,,,,
523,2012-03-07,Champions Lg,Round of 16,Home,Barcelona,Leverkusen,Y,,,,,84,6-0,,,,,,,
524,2012-03-07,Champions Lg,Round of 16,Home,Barcelona,Leverkusen,Y,,,,,58,4-0,,,,,,,
525,2012-03-07,Champions Lg,Round of 16,Home,Barcelona,Leverkusen,Y,,,,,49,2-0,,,,,,,
526,2012-03-07,Champions Lg,Round of 16,Home,Barcelona,Leverkusen,Y,,,,,42,1-0,,,,,,,
527,2012-03-07,Champions Lg,Round of 16,Home,Barcelona,Leverkusen,Y,,,,,25,0-0,,,,,,,
528,2012-02-26,La Liga,Matchweek 25,Away,Barcelona,Atlético Madrid,Y,,,,,79,1-1,Thibaut Courtois,,,,,,
529,2012-02-19,La Liga,Matchweek 24,Home,Barcelona,Valencia,Y,,,,,84,3-1,Diego Alves,,,,,,
530,2012-02-19,La Liga,Matchweek 24,Home,Barcelona,Valencia,Y,,,,,75,2-1,Diego Alves,,,,,,
531,2012-02-19,La Liga,Matchweek 24,Home,Barcelona,Valencia,Y,,,,,27,1-1,Diego Alves,,,,,,
532,2012-02-19,La Liga,Matchweek 24,Home,Barcelona,Valencia,Y,,,,,21,0-1,Diego Alves,,,,,,
533,2012-02-14,Champions Lg,Round of 16,Away,Barcelona,Leverkusen,Y,,,,,88,2-1,,,,,,,
534,2012-02-04,La Liga,Matchweek 22,Home,Barcelona,Real Sociedad,Y,,,,,72,1-0,Claudio Bravo,,,,,,
535,2012-01-22,La Liga,Matchweek 1,Away,Barcelona,Málaga,Y,,,,,77,3-0,Willy Caballero,,,,,,
536,2012-01-22,La Liga,Matchweek 1,Away,Barcelona,Málaga,Y,,,,,51,2-0,Willy Caballero,,,,,,
537,2012-01-22,La Liga,Matchweek 1,Away,Barcelona,Málaga,Y,,,,,32,0-0,Willy Caballero,,,,,,
538,2012-01-15,La Liga,Matchweek 19,Home,Barcelona,Betis,Y,,,,,86,3-2,Casto,,,,,,
539,2012-01-15,La Liga,Matchweek 19,Home,Barcelona,Betis,Y,,,,,12,1-0,Casto,,,,,,
540,2011-12-03,La Liga,Matchweek 15,Home,Barcelona,Levante,Y,,,,,54,3-0,Gustavo Munúa,,,,,,
541,2011-11-29,La Liga,Matchweek 17,Home,Barcelona,Rayo Vallecano,Y,,,,,49,3-0,David Cobeño,,,,,,
542,2011-11-23,Champions Lg,Group stage,Away,Barcelona,Milan,Y,,,,,31,1-1,,,,,,,
543,2011-11-19,La Liga,Matchweek 13,Home,Barcelona,Zaragoza,Y,,,,,42,1-0,Roberto,,,,,,
,,,,,,,,,,,,,,,,,,,,
544,2011-11-15,WCQ,WCQ — CONMEBOL (M),Away,Argentina,Colombia,Y*,,,,,60,0-1,David Ospina,,,,,,
,,,,,,,,,,,,,,,,,,,,
545,2011-11-06,La Liga,Matchweek 12,Away,Barcelona,Athletic Club,Y,,,,,90+1,1-2,Gorka Iraizoz,,,,,,
546,2011-11-01,Champions Lg,Group stage,Away,Barcelona,Viktoria Plzeň,Y,,,,,90+2,3-0,,,,,,,
547,2011-11-01,Champions Lg,Group stage,Away,Barcelona,Viktoria Plzeň,Y,,,,,47,1-0,,,,,,,
548,2011-11-01,Champions Lg,Group stage,Away,Barcelona,Viktoria Plzeň,Y,,,,,24,0-0,,,,,,,
549,2011-10-29,La Liga,Matchweek 11,Home,Barcelona,Mallorca,Y,,,,,29,2-0,Dudu Aouate,,,,,,
550,2011-10-29,La Liga,Matchweek 11,Home,Barcelona,Mallorca,Y,,,,,21,1-0,Dudu Aouate,,,,,,
551,2011-10-29,La Liga,Matchweek 11,Home,Barcelona,Mallorca,Y,,,,,12,0-0,Dudu Aouate,,,,,,
552,2011-10-15,La Liga,Matchweek 8,Home,Barcelona,Racing Sant,Y,,,,,68,2-0,Toño,,,,,,
553,2011-10-15,La Liga,Matchweek 8,Home,Barcelona,Racing Sant,Y,,,,,11,0-0,Toño,,,,,,
,,,,,,,,,,,,,,,,,,,,
554,2011-10-07,WCQ,WCQ — CONMEBOL (M),Home,Argentina,Chile,Y,,,,,25,1-0,Claudio Bravo,,,,,,
,,,,,,,,,,,,,,,,,,,,
555,2011-09-28,Champions Lg,Group stage,Away,Barcelona,BATE Borisov,Y,,,,,56,3-0,,,,,,,
556,2011-09-28,Champions Lg,Group stage,Away,Barcelona,BATE Borisov,Y,,,,,38,2-0,,,,,,,
557,2011-09-24,La Liga,Matchweek 6,Home,Barcelona,Atlético Madrid,Y,,,,,90+1,4-0,Thibaut Courtois,,,,,,
558,2011-09-24,La Liga,Matchweek 6,Home,Barcelona,Atlético Madrid,Y,,,,,78,3-0,Thibaut Courtois,,,,,,
559,2011-09-24,La Liga,Matchweek 6,Home,Barcelona,Atlético Madrid,Y,,,,,26,2-0,Thibaut Courtois,,,,,,
560,2011-09-17,La Liga,Matchweek 4,Home,Barcelona,Osasuna,Y,,,,,78,7-0,Andrés Fernández,,,,,,
561,2011-09-17,La Liga,Matchweek 4,Home,Barcelona,Osasuna,Y,,,,,40,4-0,Andrés Fernández,,,,,,
562,2011-09-17,La Liga,Matchweek 4,Home,Barcelona,Osasuna,Y,,,,,4,0-0,Andrés Fernández,,,,,,
563,2011-08-29,La Liga,Matchweek 2,Home,Barcelona,Villarreal,Y,,,,,74,4-0,Diego López,,,,,,
564,2011-08-29,La Liga,Matchweek 2,Home,Barcelona,Villarreal,Y,,,,,51,3-0,Diego López,,,,,,
565,2011-05-28,Champions Lg,Final,Neutral,Barcelona,Manchester Utd,Y,,,,,54,1-1,,,,,,,
566,2011-04-27,Champions Lg,Semi-finals,Away,Barcelona,Real Madrid,Y,,,,,87,1-0,,,,,,,
567,2011-04-27,Champions Lg,Semi-finals,Away,Barcelona,Real Madrid,Y,,,,,76,0-0,,,,,,,
568,2011-04-23,La Liga,Matchweek 33,Home,Barcelona,Osasuna,N,,,,,69,1-0,Ricardo,,,,,,
569,2011-04-16,La Liga,Matchweek 32,Away,Barcelona,Real Madrid,Y,,,,,51,0-0,Iker Casillas,,,,,,
570,2011-04-12,Champions Lg,Quarter-finals,Away,Barcelona,Shakhtar,Y,,,,,43,0-0,,,,,,,
571,2011-04-09,La Liga,Matchweek 31,Home,Barcelona,Almería,Y,,,,,90+2,2-1,Diego Alves,,,,,,
572,2011-04-09,La Liga,Matchweek 31,Home,Barcelona,Almería,Y,,,,,52,0-1,Diego Alves,,,,,,
573,2011-03-08,Champions Lg,Round of 16,Home,Barcelona,Arsenal,Y,,,,,71,2-1,,,,,,,
574,2011-03-08,Champions Lg,Round of 16,Home,Barcelona,Arsenal,Y,,,,,48,0-0,,,,,,,
575,2011-03-02,La Liga,Matchweek 26,Away,Barcelona,Valencia,Y,,,,,76,0-0,Vicente Guaita,,,,,,
576,2011-02-26,La Liga,Matchweek 25,Away,Barcelona,Mallorca,Y,,,,,38,0-0,Dudu Aouate,,,,,,
577,2011-02-20,La Liga,Matchweek 24,Home,Barcelona,Athletic Club,Y,,,,,77,1-1,Gorka Iraizoz,,,,,,
578,2011-02-05,La Liga,Matchweek 22,Home,Barcelona,Atlético Madrid,Y,,,,,79,2-0,David de Gea,,,,,,
579,2011-02-05,La Liga,Matchweek 22,Home,Barcelona,Atlético Madrid,Y,,,,,28,1-0,David de Gea,,,,,,
580,2011-02-05,La Liga,Matchweek 22,Home,Barcelona,Atlético Madrid,Y,,,,,17,0-0,David de Gea,,,,,,
581,2011-01-29,La Liga,Matchweek 21,Away,Barcelona,Hércules,Y,,,,,89,2-0,Juan Calatayud,,,,,,
582,2011-01-29,La Liga,Matchweek 21,Away,Barcelona,Hércules,Y,,,,,87,1-0,Juan Calatayud,,,,,,
583,2011-01-22,La Liga,Matchweek 20,Home,Barcelona,Racing Sant,Y,,,,,33,1-0,Toño,,,,,,
584,2011-01-08,La Liga,Matchweek 18,Away,Barcelona,La Coruña,Y,,,,,51,1-0,Daniel Aranzubia,,,,,,
585,2010-12-12,La Liga,Matchweek 15,Home,Barcelona,Real Sociedad,Y,,,,,86,3-0,Claudio Bravo,,,,,,
586,2010-12-12,La Liga,Matchweek 15,Home,Barcelona,Real Sociedad,Y,,,,,46,2-0,Claudio Bravo,,,,,,
587,2010-12-04,La Liga,Matchweek 14,Away,Barcelona,Osasuna,Y,,,,,82,2-0,Ricardo,,,,,,
588,2010-12-04,La Liga,Matchweek 14,Away,Barcelona,Osasuna,Y,,,,,64,1-0,Ricardo,,,,,,
589,2010-11-24,Champions Lg,Group stage,Away,Barcelona,Panathinaikos,Y,,,,,62,1-0,,,,,,,
590,2010-11-20,La Liga,Matchweek 12,Away,Barcelona,Almería,Y,,,,,66,6-0,Diego Alves,,,,,,
591,2010-11-20,La Liga,Matchweek 12,Away,Barcelona,Almería,Y,,,,,36,4-0,Diego Alves,,,,,,
592,2010-11-20,La Liga,Matchweek 12,Away,Barcelona,Almería,Y,,,,,16,0-0,Diego Alves,,,,,,
593,2010-11-13,La Liga,Matchweek 11,Home,Barcelona,Villarreal,Y,,,,,83,2-1,Diego López,,,,,,
594,2010-11-13,La Liga,Matchweek 11,Home,Barcelona,Villarreal,Y,,,,,58,1-1,Diego López,,,,,,
595,2010-11-07,La Liga,Matchweek 10,Away,Barcelona,Getafe,Y,,,,,22,0-0,Jordi Codina,,,,,,
596,2010-11-02,Champions Lg,Group stage,Away,Barcelona,FC Copenhagen,Y,,,,,31,0-0,,,,,,,
597,2010-10-30,La Liga,Matchweek 9,Home,Barcelona,Sevilla,Y,,,,,63,3-0,Javi Varas,,,,,,
598,2010-10-30,La Liga,Matchweek 9,Home,Barcelona,Sevilla,Y,,,,,3,0-0,Javi Varas,,,,,,
599,2010-10-23,La Liga,Matchweek 8,Away,Barcelona,Zaragoza,Y,,,,,66,1-0,Toni Doblas,,,,,,
600,2010-10-23,La Liga,Matchweek 8,Away,Barcelona,Zaragoza,Y,,,,,42,0-0,Toni Doblas,,,,,,
601,2010-10-20,Champions Lg,Group stage,Home,Barcelona,FC Copenhagen,Y,,,,,90+2,1-0,,,,,,,
602,2010-10-20,Champions Lg,Group stage,Home,Barcelona,FC Copenhagen,Y,,,,,19,0-0,,,,,,,
603,2010-10-03,La Liga,Matchweek 6,Home,Barcelona,Mallorca,Y,,,,,20,0-0,Dudu Aouate,,,,,,
604,2010-09-19,La Liga,Matchweek 3,Away,Barcelona,Atlético Madrid,Y,,,,,13,0-0,David de Gea,,,,,,
605,2010-09-14,Champions Lg,Group stage,Home,Barcelona,Panathinaikos,Y,,,,,45,2-1,,,,,,,
606,2010-09-14,Champions Lg,Group stage,Home,Barcelona,Panathinaikos,Y,,,,,22,0-1,,,,,,,
607,2010-08-29,La Liga,Matchweek 1,Away,Barcelona,Racing Sant,Y,,,,,4,0-0,Toño,,,,,,
608,2010-05-16,La Liga,Matchweek 38,Home,Barcelona,Valladolid,Y,,,,,75,3-0,Jacobo,,,,,,
609,2010-05-16,La Liga,Matchweek 38,Home,Barcelona,Valladolid,Y,,,,,61,2-0,Jacobo,,,,,,
610,2010-05-08,La Liga,Matchweek 37,Away,Barcelona,Sevilla,Y,,,,,5,0-0,Andrés Palop,,,,,,
611,2010-05-04,La Liga,Matchweek 36,Home,Barcelona,Tenerife,Y,,,,,90+3,3-1,Sergio Aragoneses,,,,,,
612,2010-05-04,La Liga,Matchweek 36,Home,Barcelona,Tenerife,Y,,,,,17,0-0,Sergio Aragoneses,,,,,,
613,2010-05-01,La Liga,Matchweek 35,Away,Barcelona,Villarreal,Y,,,,,87,3-1,Diego López,,,,,,
614,2010-05-01,La Liga,Matchweek 35,Away,Barcelona,Villarreal,Y,,,,,18,0-0,Diego López,,,,,,
615,2010-04-10,La Liga,Matchweek 31,Away,Barcelona,Real Madrid,Y,,,,,32,0-0,Iker Casillas,,,,,,
616,2010-04-06,Champions Lg,Quarter-finals,Home,Barcelona,Arsenal,Y,,,,,88,3-1,,,,,,,
617,2010-04-06,Champions Lg,Quarter-finals,Home,Barcelona,Arsenal,Y,,,,,42,2-1,,,,,,,
618,2010-04-06,Champions Lg,Quarter-finals,Home,Barcelona,Arsenal,Y,,,,,37,1-1,,,,,,,
619,2010-04-06,Champions Lg,Quarter-finals,Home,Barcelona,Arsenal,Y,,,,,21,0-1,,,,,,,
620,2010-04-03,La Liga,Matchweek 30,Home,Barcelona,Athletic Club,Y,,,,,66,3-0,Gorka Iraizoz,,,,,,
621,2010-03-21,La Liga,Matchweek 27,Away,Barcelona,Zaragoza,Y,,,,,78,2-0,Roberto,,,,,,
622,2010-03-21,La Liga,Matchweek 27,Away,Barcelona,Zaragoza,Y,,,,,65,1-0,Roberto,,,,,,
623,2010-03-21,La Liga,Matchweek 27,Away,Barcelona,Zaragoza,Y,,,,,4,0-0,Roberto,,,,,,
624,2010-03-17,Champions Lg,Round of 16,Home,Barcelona,Stuttgart,Y,,,,,60,2-0,,,,,,,
625,2010-03-17,Champions Lg,Round of 16,Home,Barcelona,Stuttgart,Y,,,,,13,0-0,,,,,,,
626,2010-03-14,La Liga,Matchweek 26,Home,Barcelona,Valencia,Y,,,,,82,2-0,César Sánchez,,,,,,
627,2010-03-14,La Liga,Matchweek 26,Home,Barcelona,Valencia,Y,,,,,81,1-0,César Sánchez,,,,,,
628,2010-03-14,La Liga,Matchweek 26,Home,Barcelona,Valencia,Y,,,,,56,0-0,César Sánchez,,,,,,
629,2010-03-06,La Liga,Matchweek 25,Away,Barcelona,Almería,Y,,,,,66,1-2,Diego Alves,,,,,,
630,2010-03-06,La Liga,Matchweek 25,Away,Barcelona,Almería,Y,,,,,42,0-1,Diego Alves,,,,,,
631,2010-02-27,La Liga,Matchweek 24,Home,Barcelona,Málaga,Y,,,,,83,1-1,Gustavo Munúa,,,,,,
632,2010-02-06,La Liga,Matchweek 21,Home,Barcelona,Getafe,Y,,,,,7,0-0,Jordi Codina,,,,,,
633,2010-01-23,La Liga,Matchweek 19,Away,Barcelona,Valladolid,Y,,,,,56,2-0,Justo Villar,,,,,,
634,2010-01-16,La Liga,Matchweek 18,Home,Barcelona,Sevilla,Y,,,,,90+1,3-0,Andrés Palop,,,,,,
635,2010-01-16,La Liga,Matchweek 18,Home,Barcelona,Sevilla,Y,,,,,85,2-0,Andrés Palop,,,,,,
636,2010-01-10,La Liga,Matchweek 17,Away,Barcelona,Tenerife,Y,,,,,75,3-0,Sergio Aragoneses,,,,,,
637,2010-01-10,La Liga,Matchweek 17,Away,Barcelona,Tenerife,Y,,,,,45,2-0,Sergio Aragoneses,,,,,,
638,2010-01-10,La Liga,Matchweek 17,Away,Barcelona,Tenerife,Y,,,,,36,0-0,Sergio Aragoneses,,,,,,
639,2009-12-09,Champions Lg,Group stage,Away,Barcelona,Dynamo Kyiv,Y,,,,,86,1-1,,,,,,,
640,2009-12-05,La Liga,Matchweek 13,Away,Barcelona,La Coruña,Y,,,,,79,1-1,Daniel Aranzubia,,,,,,
641,2009-12-05,La Liga,Matchweek 13,Away,Barcelona,La Coruña,Y,,,,,25,0-0,Daniel Aranzubia,,,,,,
642,2009-11-07,La Liga,Matchweek 10,Home,Barcelona,Mallorca,N,,,,,87,3-1,Dudu Aouate,,,,,,
643,2009-10-25,La Liga,Matchweek 8,Home,Barcelona,Zaragoza,Y,,,,,80,4-1,Juan Pablo Carrizo,,,,,,
644,2009-09-29,Champions Lg,Group stage,Home,Barcelona,Dynamo Kyiv,Y,,,,,26,0-0,,,,,,,
645,2009-09-22,La Liga,Matchweek 4,Away,Barcelona,Racing Sant,Y,,,,,63,3-0,Toño,,,,,,
646,2009-09-22,La Liga,Matchweek 4,Away,Barcelona,Racing Sant,Y,,,,,23,1-0,Toño,,,,,,
647,2009-09-19,La Liga,Matchweek 3,Home,Barcelona,Atlético Madrid,Y,,,,,90+4,4-2,Roberto,,,,,,
648,2009-09-19,La Liga,Matchweek 3,Home,Barcelona,Atlético Madrid,Y,,,,,16,1-0,Roberto,,,,,,
649,2009-09-12,La Liga,Matchweek 2,Away,Barcelona,Getafe,N,,,,,80,1-0,Óscar Ustari,,,,,,
650,2009-05-27,Champions Lg,Final,Neutral,Barcelona,Manchester Utd,Y,,,,,70,1-0,,,,,,,
651,2009-05-02,La Liga,Matchweek 34,Away,Barcelona,Real Madrid,Y,,,,,75,4-2,Iker Casillas,,,,,,
652,2009-05-02,La Liga,Matchweek 34,Away,Barcelona,Real Madrid,Y,,,,,36,2-1,Iker Casillas,,,,,,
653,2009-04-25,La Liga,Matchweek 33,Away,Barcelona,Valencia,Y,,,,,24,0-0,César Sánchez,,,,,,
654,2009-04-18,La Liga,Matchweek 31,Away,Barcelona,Getafe,Y,,,,,19,0-0,Vladimir Stojković,,,,,,
655,2009-04-08,Champions Lg,Quarter-finals,Home,Barcelona,Bayern Munich,Y,,,,,38,2-0,,,,,,,
656,2009-04-08,Champions Lg,Quarter-finals,Home,Barcelona,Bayern Munich,Y,,,,,9,0-0,,,,,,,
657,2009-03-22,La Liga,Matchweek 28,Home,Barcelona,Málaga,Y,,,,,25,1-0,Iñaki Goitia,,,,,,
658,2009-03-11,Champions Lg,Round of 16,Home,Barcelona,Lyon,Y,,,,,40,2-0,,,,,,,
659,2009-03-07,La Liga,Matchweek 26,Home,Barcelona,Athletic Club,Y,,,,,31,1-0,Gorka Iraizoz,,,,,,
660,2009-03-01,La Liga,Matchweek 25,Away,Barcelona,Atlético Madrid,Y,,,,,30,1-0,Leo Franco,,,,,,
661,2009-02-01,La Liga,Matchweek 21,Away,Barcelona,Racing Sant,N,,,,,80,1-1,Toño,,,,,,
662,2009-02-01,La Liga,Matchweek 21,Away,Barcelona,Racing Sant,N,,,,,64,0-1,Toño,,,,,,
663,2009-01-24,La Liga,Matchweek 20,Home,Barcelona,Numancia,Y,,,,,75,3-1,Juan Pablo Colinas,,,,,,
664,2009-01-24,La Liga,Matchweek 20,Home,Barcelona,Numancia,Y,,,,,49,0-0,Juan Pablo Colinas,,,,,,
665,2009-01-17,La Liga,Matchweek 19,Home,Barcelona,La Coruña,Y,,,,,21,0-0,Daniel Aranzubia,,,,,,
666,2009-01-11,La Liga,Matchweek 18,Away,Barcelona,Osasuna,Y,,,,,85,2-2,Roberto,,,,,,
667,2008-12-13,La Liga,Matchweek 15,Home,Barcelona,Real Madrid,Y,,,,,90+1,1-0,Iker Casillas,,,,,,
668,2008-11-29,La Liga,Matchweek 13,Away,Barcelona,Sevilla,Y,,,,,90+2,2-0,Andrés Palop,,,,,,
669,2008-11-29,La Liga,Matchweek 13,Away,Barcelona,Sevilla,Y,,,,,78,1-0,Andrés Palop,,,,,,
670,2008-11-26,Champions Lg,Group stage,Away,Barcelona,Sporting CP,Y,,,,,49,2-0,,,,,,,
671,2008-11-16,La Liga,Matchweek 11,Away,Barcelona,Recreativo,Y,,,,,51,0-0,Asier Riesgo,,,,,,
672,2008-11-04,Champions Lg,Group stage,Home,Barcelona,Basel,N,,,,,62,0-0,,,,,,,
673,2008-11-01,La Liga,Matchweek 9,Away,Barcelona,Málaga,Y,,,,,19,1-1,Francesc Arnau,,,,,,
674,2008-10-22,Champions Lg,Group stage,Away,Barcelona,Basel,Y,,,,,4,0-0,,,,,,,
675,2008-10-04,La Liga,Matchweek 6,Home,Barcelona,Atlético Madrid,Y,,,,,8,2-0,Grégory Coupet,,,,,,
676,2008-10-01,Champions Lg,Group stage,Away,Barcelona,Shakhtar,N,,,,,90+4,1-1,,,,,,,
677,2008-10-01,Champions Lg,Group stage,Away,Barcelona,Shakhtar,N,,,,,87,0-1,,,,,,,
678,2008-09-27,La Liga,Matchweek 5,Away,Barcelona,Espanyol,Y,,,,,90+13,1-1,Carlos Kameni,,,,,,
679,2008-09-21,La Liga,Matchweek 3,Away,Barcelona,Sporting Gijón,Y,,,,,89,5-1,Sergio Sánchez,,,,,,
680,2008-09-21,La Liga,Matchweek 3,Away,Barcelona,Sporting Gijón,Y,,,,,85,4-1,Sergio Sánchez,,,,,,
681,2008-09-13,La Liga,Matchweek 2,Home,Barcelona,Racing Sant,N,,,,,70,0-0,Toño,,,,,,
682,2008-05-04,La Liga,Matchweek 35,Home,Barcelona,Valencia,Y,,,,,5,0-0,Timo Hildebrand,,,,,,
683,2008-02-24,La Liga,Matchweek 25,Home,Barcelona,Levante,Y,,,,,44,1-1,Vladan Kujović,,,,,,
684,2008-02-20,Champions Lg,Round of 16,Away,Barcelona,Celtic,Y,,,,,79,2-2,,,,,,,
685,2008-02-20,Champions Lg,Round of 16,Away,Barcelona,Celtic,Y,,,,,18,0-1,,,,,,,
686,2007-11-27,Champions Lg,Group stage,Away,Barcelona,Lyon,Y,,,,,58,1-1,,,,,,,
687,2007-11-24,La Liga,Matchweek 13,Home,Barcelona,Recreativo,Y,,,,,81,2-0,Stefano Sorrentino,,,,,,
688,2007-11-07,Champions Lg,Group stage,Home,Barcelona,Rangers,Y,,,,,43,1-0,,,,,,,
689,2007-10-28,La Liga,Matchweek 9,Home,Barcelona,Almería,N,,,,,80,1-0,David Cobeño,,,,,,
690,2007-10-07,La Liga,Matchweek 7,Home,Barcelona,Atlético Madrid,Y,,,,,19,1-0,Christian Abbiati,,,,,,
691,2007-10-02,Champions Lg,Group stage,Away,Barcelona,Stuttgart,Y,,,,,67,1-0,,,,,,,
692,2007-09-29,La Liga,Matchweek 6,Away,Barcelona,Levante,Y,,,,,50,3-0,Marco Storari,,,,,,
693,2007-09-26,La Liga,Matchweek 5,Home,Barcelona,Zaragoza,Y,,,,,10,1-1,César Sánchez,,,,,,
694,2007-09-26,La Liga,Matchweek 5,Home,Barcelona,Zaragoza,Y,,,,,4,0-0,César Sánchez,,,,,,
695,2007-09-22,La Liga,Matchweek 4,Home,Barcelona,Sevilla,Y,,,,,79,1-0,Andrés Palop,,,,,,
696,2007-09-22,La Liga,Matchweek 4,Home,Barcelona,Sevilla,Y,,,,,72,0-0,Andrés Palop,,,,,,
697,2007-09-19,Champions Lg,Group stage,Home,Barcelona,Lyon,Y,,,,,82,1-0,,,,,,,
698,2007-06-17,La Liga,Matchweek 38,Away,Barcelona,Gimnàstic,Y,,,,,50,3-0,Rubén Pérez,,,,,,
699,2007-06-17,La Liga,Matchweek 38,Away,Barcelona,Gimnàstic,Y,,,,,33,1-0,Rubén Pérez,,,,,,
700,2007-06-09,La Liga,Matchweek 37,Home,Barcelona,Espanyol,Y,,,,,56,1-1,Carlos Kameni,,,,,,
701,2007-06-09,La Liga,Matchweek 37,Home,Barcelona,Espanyol,Y,,,,,42,0-1,Carlos Kameni,,,,,,
702,2007-05-20,La Liga,Matchweek 35,Away,Barcelona,Atlético Madrid,Y,,,,,79,4-0,Iván Cuéllar,,,,,,
703,2007-05-20,La Liga,Matchweek 35,Away,Barcelona,Atlético Madrid,Y,,,,,38,0-0,Iván Cuéllar,,,,,,
704,2007-03-31,La Liga,Matchweek 28,Home,Barcelona,La Coruña,Y,,,,,44,0-0,Dudu Aouate,,,,,,
705,2007-03-17,La Liga,Matchweek 27,Away,Barcelona,Recreativo,Y,,,,,85,3-0,Javier López Vallejo,,,,,,
706,2007-03-10,La Liga,Matchweek 26,Home,Barcelona,Real Madrid,Y,,,,,90+1,2-3,Iker Casillas,,,,,,
707,2007-03-10,La Liga,Matchweek 26,Home,Barcelona,Real Madrid,Y,,,,,27,1-2,Iker Casillas,,,,,,
708,2007-03-10,La Liga,Matchweek 26,Home,Barcelona,Real Madrid,Y,,,,,10,0-1,Iker Casillas,,,,,,
709,2006-10-15,La Liga,Matchweek 6,Home,Barcelona,Sevilla,Y,,,,,81,2-1,Andrés Palop,,,,,,
710,2006-09-27,Champions Lg,Group stage,Away,Barcelona,Werder Bremen,N,,,,,89,0-1,,,,,,,
711,2006-09-09,La Liga,Matchweek 2,Home,Barcelona,Osasuna,Y,,,,,36,2-0,Ricardo,,,,,,
712,2006-08-28,La Liga,Matchweek 1,Away,Barcelona,Celta Vigo,Y,,,,,59,1-1,José Manuel Pinto,,,,,,
,,,,,,,,,,,,,,,,,,,,
713,2006-06-16,FIFA World Cup,Group stage,Neutral,Argentina,Serbia & Montenegro,N,,,,,88,5-0,Dragoslav Jevrić,,,,,,
,,,,,,,,,,,,,,,,,,,,
714,2006-02-18,La Liga,Matchweek 24,Home,Barcelona,Betis,N,,,,,84,4-1,Toni Doblas,,,,,,
715,2006-01-29,La Liga,Matchweek 21,Away,Barcelona,Mallorca,N,,,,,83,2-0,Miguel Ángel Moyá,,,,,,
716,2006-01-29,La Liga,Matchweek 21,Away,Barcelona,Mallorca,N,,,,,75,1-0,Miguel Ángel Moyá,,,,,,
717,2006-01-22,La Liga,Matchweek 20,Home,Barcelona,Alavés,N,,,,,82,1-0,Franco Costanzo,,,,,,
718,2006-01-15,La Liga,Matchweek 19,Home,Barcelona,Athletic Club,Y,,,,,50,1-1,Iñaki Lafuente,,,,,,
719,2005-11-27,La Liga,Matchweek 13,Home,Barcelona,Racing Sant,Y,,,,,52,1-0,Dudu Aouate,,,,,,
720,2005-11-02,Champions Lg,Group stage,Home,Barcelona,Panathinaikos,Y,,,,,34,2-0,,,,,,,
721,2005-05-01,La Liga,Matchweek 34,Home,Barcelona,Albacete,N,,,,,90+1,1-0,Raúl Valbuena,,,,,,
